account_id,CLTV,gender,home_owner, income ,age,education,marital_status,dependents,avg_balance,tenure_mths,savings,basic_cking,premier_cking,mortgage_loan,personal_loan,equity_loan,cert_deposit,bill_pay,money_mkt,mobile_bnking,online_bnking
10150-ID,41.1354,F,NO," 53,500 ",36,high school or below,Single,6,200.2,3,T,F,T,F,F,F,F,F,F,F,F
10236-ID,42.0572,F,YES," 88,500 ",44,bachelor,Married,0,49.9,1,F,F,F,F,F,F,T,T,F,F,F
10360-ID,27.4012,M,NO," 67,000 ",20,bachelor,Married,5,4786.15,63,F,F,F,F,T,F,T,T,F,T,F
10451-ID,15.0174,M,NO," 62,500 ",19,bachelor,Divorced,1,69.9,1,F,F,F,F,T,F,T,T,F,F,T
10609-ID,14.2389,F,NO," 83,500 ",41,high school or below,Married,3,1008.55,10,T,F,F,F,F,F,F,F,F,T,F
10614-ID,19.0425,M,NO," 129,500 ",25,college,Divorced,0,114.1,2,F,F,T,F,F,F,F,F,F,F,F
10645-ID,18.4803,M,YES," 66,500 ",20,college,Married,1,434.5,6,T,T,F,F,T,F,T,T,F,F,F
10717-ID,47.2705,M,NO," 94,500 ",23,bachelor,Married,2,6976.75,66,T,T,F,F,F,F,F,F,F,T,F
10872-ID,20.6176,M,NO," 66,000 ",36,college,Married,3,7118.9,65,F,F,F,F,T,F,T,T,F,T,F
10902-ID,26.7182,M,NO," 126,500 ",47,doctor,Married,2,1099.6,59,T,F,F,F,F,F,F,F,T,F,F
10915-ID,12.4624,F,NO," 67,500 ",22,high school or below,Single,2,1189.4,16,T,F,F,T,F,T,T,F,F,T,F
10944-ID,45.3278,M,NO," 52,500 ",46,high school or below,Single,6,2766.4,32,F,T,F,T,T,F,T,T,F,F,F
10987-ID,37.7075,F,YES," 146,500 ",21,bachelor,Divorced,2,97,2,T,F,F,T,F,F,F,F,T,F,T
11119-ID,29.4205,F,YES," 60,000 ",27,master,Single,6,485.2,23,F,F,T,F,F,F,F,F,F,T,T
11220-ID,23.6325,M,YES," 57,000 ",27,master,Single,2,1266.1,14,F,F,F,F,T,F,T,T,F,F,T
11230-ID,46.279,M,NO," 122,000 ",42,college,Married,2,155.8,2,F,F,F,T,F,F,F,F,F,T,T
11236-ID,42.5669,M,YES," 134,000 ",34,college,Divorced,0,1192.7,59,F,F,F,F,F,F,F,F,F,F,F
11241-ID,33.8901,M,NO," 67,500 ",22,college,Single,6,2239.4,21,T,T,F,F,T,F,T,T,F,T,F
11357-ID,10.753,F,YES," 115,500 ",26,bachelor,Married,2,419.4,20,F,F,F,F,F,F,F,T,F,T,F
11553-ID,15.1133,M,NO," 141,500 ",27,bachelor,Married,1,7107,65,F,F,F,F,F,F,F,F,F,F,T
11565-ID,44.9745,F,NO," 82,000 ",19,bachelor,Married,0,6563.4,72,F,T,F,T,T,F,F,F,T,T,F
11818-ID,31.9051,F,YES," 146,000 ",48,college,Married,2,4254.1,69,F,T,F,F,F,F,F,F,F,F,F
11966-ID,22.1877,M,NO," 52,000 ",16,bachelor,Married,6,2243.9,29,T,F,F,T,F,F,F,F,F,T,T
12291-ID,41.9518,M,NO," 133,500 ",40,bachelor,Married,3,1112.3,14,F,F,F,F,F,F,F,F,T,F,T
12312-ID,19.2175,F,YES," 128,000 ",34,bachelor,Divorced,2,4298.45,42,F,T,T,F,F,F,T,F,F,F,F
12547-ID,32.3073,M,YES," 84,000 ",35,bachelor,Single,2,3344.1,42,F,F,F,F,T,T,T,T,F,F,F
12582-ID,25.6014,M,NO," 98,000 ",23,bachelor,Single,6,7422.1,72,T,T,F,F,F,F,F,T,T,T,F
12584-ID,46.6323,F,YES," 87,000 ",29,high school or below,Married,2,2516.2,29,T,F,F,F,F,F,F,T,T,F,T
12694-ID,15.8634,F,NO," 110,500 ",40,master,Married,0,1417.9,61,T,F,F,F,F,F,F,F,F,F,T
12782-ID,31.3296,F,NO," 101,500 ",31,bachelor,Married,2,2647.2,34,F,F,F,F,T,F,F,T,F,F,F
12800-ID,25.7388,F,YES," 115,000 ",49,bachelor,Married,2,233.7,3,T,F,F,F,F,F,F,F,F,F,F
12938-ID,49.4836,F,NO," 63,000 ",27,bachelor,Divorced,0,4048.95,58,F,F,T,F,T,F,T,F,F,F,F
13325-ID,41.2805,F,NO," 102,500 ",48,master,Married,7,5029.05,63,F,F,F,F,F,F,F,F,T,T,T
13518-ID,16.3794,F,YES," 127,000 ",50,high school or below,Married,0,1195.25,50,F,F,F,F,F,F,F,F,F,F,F
13564-ID,31.583,F,YES," 64,500 ",19,bachelor,Single,7,245.15,4,F,F,F,T,F,F,F,F,F,F,F
13722-ID,36.2168,M,NO," 90,500 ",19,doctor,Married,2,4459.15,65,T,T,F,T,F,F,F,T,F,T,F
13747-ID,12.3374,F,NO," 93,500 ",38,bachelor,Single,4,4687.9,43,F,F,F,F,F,F,F,T,F,F,F
13893-ID,24.8043,F,YES," 86,000 ",19,high school or below,Single,6,1683.7,20,F,T,F,F,T,T,T,F,F,T,F
13903-ID,29.1647,F,NO," 89,000 ",32,doctor,Married,2,80,1,T,T,T,T,T,T,F,F,F,F,F
14015-ID,31.8657,M,NO," 86,000 ",38,college,Married,6,19.55,1,F,F,F,F,T,F,F,F,F,F,T
14107-ID,12.9508,F,NO," 137,500 ",33,high school or below,Married,4,5215.25,62,F,T,F,F,F,F,F,F,F,T,F
14301-ID,39.9171,M,NO," 71,000 ",33,master,Married,0,7511.65,67,F,T,F,T,T,F,T,T,F,T,T
14368-ID,34.9178,F,NO," 114,000 ",31,bachelor,Married,2,6858.9,70,F,F,F,F,F,T,F,F,T,F,T
14514-ID,31.6016,F,YES," 55,000 ",45,bachelor,Married,6,795.15,14,F,F,T,F,F,T,F,F,F,F,F
14630-ID,19.5788,M,NO," 76,000 ",31,master,Divorced,2,5222.3,70,F,F,F,F,T,F,T,T,F,F,F
14658-ID,46.8048,F,YES," 123,500 ",36,bachelor,Divorced,3,4895.1,43,F,F,F,F,F,T,F,F,T,T,T
14692-ID,40.8875,F,YES," 72,000 ",19,bachelor,Married,0,5084.65,59,F,F,F,F,T,F,F,F,T,F,F
14743-ID,21.6813,M,YES," 62,000 ",48,college,Single,6,808.95,40,T,T,F,T,T,T,T,T,T,F,F
14759-ID,14.8671,M,YES," 133,000 ",24,college,Married,0,79.9,1,F,F,T,T,T,F,F,F,F,F,F
14875-ID,18.5153,M,YES," 148,500 ",36,high school or below,Single,0,20.15,1,F,T,F,F,F,F,F,T,T,F,F
14890-ID,31.8997,M,YES," 93,500 ",29,high school or below,Married,2,2473.95,46,F,T,F,F,F,F,F,F,F,F,F
14891-ID,18.391,F,NO," 137,000 ",26,high school or below,Single,4,1024,16,F,F,F,F,T,F,F,F,F,F,F
14912-ID,39.1559,M,YES," 140,500 ",28,master,Married,2,248.4,3,F,F,F,F,T,F,T,T,T,F,F
14996-ID,22.2591,M,YES," 130,500 ",17,college,Married,1,2723.15,30,F,T,F,T,T,F,T,F,F,T,T
15068-ID,17.8948,M,YES," 107,000 ",50,high school or below,Married,7,6597.25,63,F,F,F,F,F,F,F,T,F,F,F
15072-ID,41.6457,M,NO," 142,000 ",34,college,Single,1,2215.45,35,F,F,F,F,F,F,T,F,F,F,F
15099-ID,11.2731,M,NO," 78,500 ",16,master,Married,2,5411.4,70,T,F,F,F,T,F,T,T,F,T,F
15109-ID,13.5356,M,YES," 97,500 ",49,college,Married,2,2438.6,30,F,F,F,F,F,F,T,F,F,F,F
15177-ID,24.7919,F,NO," 58,500 ",46,college,Married,2,1426.45,28,F,F,F,F,F,F,F,F,F,F,T
15306-ID,22.3248,M,NO," 82,500 ",41,high school or below,Married,0,0,0,F,F,F,F,T,T,T,T,F,F,F
15317-ID,43.8941,M,YES," 118,500 ",40,bachelor,Married,1,181.5,2,F,F,F,T,F,F,F,F,F,F,F
15590-ID,44.0704,M,NO," 104,000 ",41,college,Single,2,265.45,12,T,F,F,F,T,F,F,F,F,T,F
15629-ID,17.004,F,YES," 138,500 ",37,college,Single,4,1756.2,71,F,F,F,F,F,F,T,F,F,T,F
15650-ID,48.7559,M,YES," 111,500 ",28,high school or below,Married,1,1166.7,18,F,F,F,F,F,F,F,F,F,T,F
15663-ID,45.1901,F,YES," 98,500 ",45,college,Divorced,3,19,1,F,F,F,F,F,F,F,T,F,F,F
15835-ID,24.3642,F,YES," 85,500 ",41,bachelor,Married,6,1305.95,61,F,F,F,F,F,F,F,F,F,T,F
15882-ID,20.7035,M,YES," 73,500 ",20,bachelor,Married,0,1424.9,68,F,F,F,F,T,F,T,T,F,F,F
16055-ID,40.5415,M,YES," 146,500 ",38,high school or below,Married,2,4217.8,52,F,F,F,F,F,F,F,F,F,T,F
16220-ID,34.7872,M,NO," 76,500 ",33,bachelor,Married,2,6751.35,61,F,F,T,F,T,F,T,T,F,F,T
16287-ID,42.5534,F,NO," 129,000 ",16,college,Single,2,7878.3,72,T,F,T,F,F,F,F,F,T,F,T
16316-ID,39.1701,M,NO," 116,500 ",22,college,Married,2,89.3,2,T,F,F,T,F,F,T,F,F,T,F
16342-ID,46.3814,M,NO," 113,500 ",29,bachelor,Married,0,5376.4,52,F,F,F,F,F,F,F,F,F,F,F
16350-ID,31.8923,F,YES," 114,500 ",16,master,Single,2,3545.05,48,T,T,F,F,F,F,F,F,F,F,F
17064-ID,15.3259,F,YES," 79,000 ",45,bachelor,Divorced,2,507.4,20,F,F,F,F,F,F,F,T,F,F,F
17110-ID,12.7214,M,YES," 73,500 ",45,high school or below,Married,0,62,2,F,F,F,F,T,T,T,T,F,F,F
17133-ID,21.3284,M,YES," 108,500 ",22,doctor,Married,0,564.4,9,T,F,T,F,F,F,T,F,T,F,F
17201-ID,37.7746,M,NO," 130,500 ",16,bachelor,Married,0,4107.25,47,T,F,F,F,T,F,F,F,T,T,F
17375-ID,12.7641,M,YES," 109,000 ",22,high school or below,Married,2,6588.95,72,F,F,F,F,F,T,F,F,F,F,F
17470-ID,19.0756,F,NO," 134,500 ",42,bachelor,Married,0,531,6,F,F,F,F,F,F,T,T,F,T,T
17571-ID,15.27,F,YES," 114,500 ",23,college,Married,2,4473,51,T,F,F,T,F,F,T,T,F,F,F
17590-ID,30.1201,M,YES," 86,000 ",49,bachelor,Single,6,2211.8,29,F,F,F,F,F,F,F,F,F,F,F
17747-ID,33.8601,M,YES," 99,500 ",37,doctor,Married,2,1667.25,15,F,F,F,F,F,F,F,F,F,T,F
17809-ID,39.6015,M,YES," 135,500 ",20,high school or below,Single,2,1252,61,F,F,F,F,F,F,F,F,F,F,T
17830-ID,28.0198,F,NO," 75,500 ",47,high school or below,Married,2,5774.55,60,T,F,F,F,F,T,F,T,F,T,F
17864-ID,35.6562,F,NO," 144,500 ",18,master,Married,0,49.05,1,T,F,F,T,F,F,F,F,T,T,T
17939-ID,15.8755,F,NO," 84,500 ",46,college,Divorced,6,5730.7,72,F,F,F,F,F,F,T,F,F,F,F
18030-ID,12.9942,F,YES," 142,000 ",29,college,Married,1,2570.2,30,T,F,F,F,F,T,F,F,F,F,F
18079-ID,24.816,M,YES," 99,000 ",32,bachelor,Married,2,5357.75,71,F,F,F,T,F,F,F,F,T,F,F
18126-ID,34.7134,F,NO," 71,000 ",19,college,Single,0,1043.3,10,T,F,T,F,T,F,F,F,T,T,F
18143-ID,43.5884,F,YES," 79,500 ",36,bachelor,Married,0,4874.8,46,T,F,F,F,F,T,T,F,F,F,F
18228-ID,31.7275,M,NO," 88,500 ",41,high school or below,Married,2,71.1,1,F,F,F,F,T,F,F,F,F,F,F
18331-ID,47.898,F,YES," 137,000 ",20,master,Married,4,764.55,13,T,F,F,F,F,F,T,F,T,F,T
18334-ID,42.4343,F,NO," 129,500 ",43,doctor,Single,4,702,29,F,F,F,F,F,F,T,F,T,F,T
18464-ID,20.9389,M,YES," 121,500 ",22,college,Divorced,2,6603,63,F,F,F,F,T,F,F,F,F,F,F
18517-ID,42.5094,M,YES," 69,500 ",38,master,Single,4,6068.65,56,T,T,F,F,T,F,T,T,F,F,F
18708-ID,30.7868,F,YES," 129,500 ",35,bachelor,Single,5,5760.65,54,F,F,F,F,T,T,T,T,F,T,F
18724-ID,49.1775,F,NO," 67,500 ",17,high school or below,Married,0,7848.5,72,F,F,F,T,F,F,F,T,F,F,F
18917-ID,47.9346,M,NO," 60,500 ",47,master,Married,6,417.7,21,F,T,F,T,T,F,T,T,F,F,T
18920-ID,45.3683,M,NO," 79,000 ",49,high school or below,Married,2,2548.65,31,F,F,T,F,T,F,F,F,T,F,F
18953-ID,24.2569,F,NO," 55,000 ",17,master,Married,2,612.95,10,T,F,F,F,F,T,F,F,F,T,T
19041-ID,14.6823,F,NO," 105,500 ",23,high school or below,Divorced,1,5502.55,69,T,T,F,F,T,F,F,F,F,T,F
19078-ID,38.852,M,YES," 101,500 ",28,master,Married,0,5265.5,50,T,F,F,F,F,F,F,F,F,F,T
19193-ID,22.3496,M,NO," 143,500 ",21,master,Married,1,6139.5,56,F,F,T,F,F,F,F,F,T,F,T
19209-ID,46.367,M,YES," 84,500 ",21,college,Married,6,2423.4,27,T,T,F,F,T,F,T,T,F,F,F
19211-ID,35.9545,M,NO," 63,500 ",28,college,Married,2,174.8,2,F,F,F,F,T,F,T,T,F,F,T
19268-ID,25.055,F,YES," 55,000 ",29,bachelor,Married,2,832.05,10,F,F,F,F,F,F,F,F,F,F,F
19519-ID,12.4083,M,YES," 116,500 ",31,master,Single,2,3944.5,42,F,F,F,T,F,F,T,T,F,F,T
19613-ID,46.1507,F,YES," 55,000 ",45,college,Single,2,1943.2,23,F,F,F,F,F,T,F,F,F,F,F
19915-ID,40.0868,F,NO," 78,500 ",21,college,Divorced,7,20,1,T,F,F,F,F,T,F,F,F,T,F
19999-ID,17.1606,F,NO," 118,000 ",44,doctor,Married,1,2566.5,25,T,F,F,F,T,F,T,F,F,T,F
20158-ID,23.7441,M,YES," 145,000 ",43,college,Married,2,894.3,34,F,F,F,F,F,T,F,F,F,T,F
20260-ID,13.1243,M,YES," 106,500 ",21,master,Married,0,3899.05,34,F,F,F,F,T,F,F,F,F,F,T
20325-ID,15.356,M,YES," 133,000 ",24,bachelor,Divorced,2,2958.95,44,F,T,F,T,F,F,T,F,T,F,F
20362-ID,31.72,M,YES," 125,500 ",38,bachelor,Married,0,244.75,5,F,F,F,F,F,F,T,F,F,T,F
20386-ID,39.8296,F,YES," 77,000 ",32,bachelor,Married,4,94.15,5,F,F,F,T,F,F,F,F,F,F,F
20521-ID,46.3,M,NO," 141,000 ",44,bachelor,Single,0,5238.9,55,T,F,F,F,T,F,F,F,T,F,F
20556-ID,20.4104,M,NO," 69,500 ",18,bachelor,Married,2,8310.55,71,T,F,F,F,F,F,F,T,F,T,F
20844-ID,24.3927,F,YES," 68,000 ",45,bachelor,Married,0,1288.3,15,F,F,F,F,F,T,F,F,F,F,F
20849-ID,44.9825,F,NO," 150,000 ",30,college,Married,2,108.15,2,F,F,T,T,T,F,F,F,T,T,T
20991-ID,37.5076,M,YES," 52,500 ",25,high school or below,Married,6,940.35,13,F,F,F,F,T,F,T,T,F,F,F
21187-ID,20.5744,F,YES," 77,000 ",36,bachelor,Married,3,1108.2,42,F,T,F,F,F,F,F,T,F,F,F
21347-ID,43.007,F,YES," 79,500 ",24,master,Married,0,4908.25,72,F,F,F,F,F,T,T,F,F,F,T
21543-ID,13.9176,F,NO," 144,500 ",27,college,Married,7,244.1,3,F,F,T,F,T,F,T,F,T,F,F
21787-ID,19.5369,M,NO," 98,500 ",45,college,Single,0,233.55,12,F,F,F,F,F,F,F,F,F,T,F
21814-ID,22.3741,M,NO," 61,000 ",23,high school or below,Married,6,424.45,4,F,F,F,F,T,T,T,T,F,F,F
21875-ID,10.7267,F,NO," 125,000 ",17,college,Married,0,435.4,10,T,F,F,F,F,F,F,F,T,T,F
22316-ID,29.7579,F,YES," 90,000 ",20,college,Married,2,145.15,2,F,F,T,F,T,T,F,F,T,F,F
23037-ID,46.0157,F,YES," 78,500 ",45,college,Married,2,903.8,39,T,F,T,F,T,F,F,F,F,F,F
23380-ID,36.4903,M,NO," 116,000 ",43,college,Single,2,237.7,11,F,F,F,F,F,F,F,F,F,T,F
23419-ID,15.6201,F,NO," 105,000 ",24,college,Married,0,1818.3,20,F,F,T,F,T,T,F,F,T,F,F
23501-ID,10.225,M,YES," 115,000 ",49,master,Single,2,1066.15,46,F,F,T,F,F,F,F,F,T,T,T
23682-ID,29.7183,M,YES," 84,000 ",48,bachelor,Divorced,2,6697.35,72,F,F,F,F,T,F,T,T,T,F,F
23718-ID,37.8611,M,YES," 148,500 ",37,college,Married,0,1862.9,21,F,F,F,F,T,F,T,F,T,T,F
23784-ID,25.7551,F,YES," 92,500 ",20,bachelor,Married,2,4287.2,49,F,F,F,T,F,F,F,F,F,F,F
23845-ID,12.4227,F,YES," 77,000 ",47,college,Single,2,5656.75,55,F,F,F,T,F,F,F,T,F,F,F
24210-ID,30.4335,F,YES," 91,500 ",50,high school or below,Single,2,74.6,1,F,F,F,F,T,F,T,F,F,F,F
24258-ID,34.8282,F,YES," 71,500 ",23,doctor,Married,0,4039.5,60,F,F,F,F,F,F,F,F,F,F,F
24493-ID,20.8675,M,YES," 143,000 ",45,high school or below,Married,1,482.25,8,T,T,F,F,F,F,F,F,F,T,F
24534-ID,37.7386,F,YES," 85,000 ",22,bachelor,Married,6,4805.65,65,T,F,T,F,F,F,F,F,F,F,T
24566-ID,39.4489,F,YES," 121,500 ",34,bachelor,Single,2,6148.45,68,F,F,F,F,T,T,F,F,T,T,T
24651-ID,32.1216,F,NO," 113,500 ",37,college,Married,2,1110.5,44,F,F,T,F,F,F,F,F,T,F,T
24686-ID,38.2775,F,NO," 139,000 ",28,master,Married,4,5971.25,61,F,F,F,T,F,F,F,T,T,T,T
24864-ID,24.6676,F,YES," 96,000 ",38,college,Married,0,4903.2,46,T,F,F,F,T,F,T,F,F,F,F
24874-ID,35.938,F,YES," 133,500 ",46,doctor,Single,0,7405.5,71,T,T,F,T,F,F,F,F,T,F,T
25097-ID,20.0102,M,NO," 109,500 ",40,doctor,Married,2,8404.9,72,F,F,T,F,T,T,T,F,F,F,F
25180-ID,11.5295,M,YES," 145,000 ",38,college,Divorced,5,4707.1,47,F,F,F,F,F,F,F,F,F,F,F
25256-ID,39.6933,M,NO," 108,000 ",40,bachelor,Married,0,554.05,7,F,T,F,T,F,F,T,F,F,F,T
25311-ID,47.5451,M,YES," 147,000 ",24,high school or below,Single,0,475.7,10,T,T,F,F,F,F,F,F,T,F,F
25387-ID,11.4154,F,YES," 74,500 ",36,master,Single,2,295.95,15,F,F,F,F,F,F,F,F,F,F,F
25405-ID,36.4166,M,NO," 138,000 ",36,bachelor,Married,4,61.35,3,F,F,F,F,F,T,F,F,F,T,F
25524-ID,45.9486,M,NO," 129,500 ",36,bachelor,Single,7,4747.5,50,F,F,F,F,T,T,T,F,F,F,F
25668-ID,21.9571,F,YES," 67,500 ",19,bachelor,Married,0,267,12,F,F,F,F,F,F,F,F,T,F,T
25765-ID,35.6814,F,YES," 150,000 ",25,master,Single,0,1949.4,22,F,F,F,F,F,F,F,F,T,F,T
25774-ID,38.771,F,YES," 133,500 ",48,bachelor,Divorced,2,2681.15,27,F,T,T,F,T,T,F,F,T,T,T
26061-ID,47.0537,M,NO," 55,000 ",22,high school or below,Divorced,0,2169.8,23,T,T,F,F,T,T,T,T,F,T,F
26130-ID,12.6214,F,NO," 92,000 ",45,bachelor,Married,2,1899.65,20,F,F,F,F,T,F,F,F,T,F,F
26291-ID,14.0896,F,YES," 85,500 ",49,high school or below,Divorced,6,381.3,4,F,T,T,F,F,F,F,F,T,F,F
26396-ID,22.7651,M,YES," 135,500 ",47,bachelor,Single,2,1559.25,15,F,F,F,F,T,F,F,F,F,F,F
26630-ID,46.4867,F,NO," 75,000 ",35,bachelor,Married,2,905.55,44,F,T,F,F,F,F,F,F,T,T,F
26748-ID,23.6883,F,NO," 61,000 ",26,high school or below,Married,6,268.45,13,F,F,F,T,F,F,F,F,T,F,F
26885-ID,33.1864,M,YES," 66,000 ",28,high school or below,Single,4,531.55,24,F,F,F,T,T,F,T,T,F,F,F
27166-ID,13.4513,F,YES," 125,500 ",44,master,Divorced,2,498.25,10,F,F,F,F,F,F,F,F,F,F,F
27306-ID,17.3906,F,NO," 53,000 ",42,master,Divorced,6,1012.4,52,T,F,T,F,T,F,T,T,F,F,T
27371-ID,38.7433,F,NO," 132,000 ",25,college,Divorced,0,6654.1,64,F,F,F,F,F,F,T,F,F,T,F
27462-ID,39.7479,F,YES," 111,500 ",39,high school or below,Married,0,6396.45,60,F,F,T,F,F,F,F,T,F,F,F
27496-ID,16.3272,F,NO," 128,500 ",48,master,Single,1,1074.3,15,F,F,F,F,F,F,T,T,F,F,T
27664-ID,35.6361,F,YES," 97,500 ",26,bachelor,Single,2,5435,63,T,F,T,T,F,T,T,F,F,T,F
27673-ID,37.5651,F,YES," 145,000 ",36,bachelor,Single,0,7076.35,66,F,F,F,T,F,F,T,T,T,F,T
27682-ID,18.2962,F,YES," 77,500 ",47,master,Single,0,69.55,1,F,F,F,F,F,F,F,T,F,T,T
27694-ID,24.8952,M,YES," 73,500 ",41,college,Married,3,352.65,5,F,F,T,T,T,T,T,T,F,F,F
27720-ID,37.4582,F,NO," 67,000 ",16,high school or below,Married,1,1820.9,22,F,F,F,F,F,F,T,F,F,T,F
27766-ID,40.0773,F,NO," 94,500 ",34,bachelor,Married,3,3418.2,50,T,F,F,F,F,F,F,T,F,F,F
27890-ID,22.2416,M,YES," 119,500 ",26,high school or below,Single,1,371.9,4,F,T,F,F,F,F,T,F,F,F,F
28061-ID,37.2245,F,YES," 116,000 ",43,college,Single,2,624.15,32,F,T,F,F,T,F,F,F,T,F,T
28081-ID,26.1124,M,NO," 77,000 ",16,bachelor,Single,2,2088.05,25,T,T,F,F,F,T,F,T,F,T,T
28110-ID,27.6974,M,YES," 60,500 ",21,bachelor,Married,6,284.9,4,F,F,F,F,F,F,T,F,F,F,F
28138-ID,40.9457,F,YES," 61,000 ",32,high school or below,Married,6,132.4,2,F,F,F,F,F,F,F,F,F,T,F
28233-ID,40.8109,F,YES," 149,500 ",50,college,Single,3,3487.95,62,T,F,F,F,F,F,F,T,T,T,T
28268-ID,10.8787,M,NO," 106,500 ",26,college,Single,2,5676,71,F,F,F,T,F,F,F,F,F,T,F
28313-ID,34.8889,F,NO," 138,500 ",48,college,Divorced,4,5289.05,64,T,F,F,F,F,F,F,F,T,F,T
28314-ID,38.8062,F,YES," 146,000 ",37,doctor,Married,2,3838.75,43,F,F,F,F,F,F,T,F,T,F,T
28427-ID,12.9735,M,NO," 53,500 ",32,college,Married,6,1497.9,58,F,F,F,F,T,F,T,T,F,F,T
28498-ID,34.2302,F,NO," 62,000 ",38,college,Married,6,2656.5,33,F,F,F,F,F,F,F,F,T,F,F
28528-ID,40.7113,F,YES," 138,000 ",45,bachelor,Divorced,4,45.65,1,F,F,F,F,F,T,F,F,T,F,T
28597-ID,19.2051,M,YES," 82,000 ",18,college,Married,3,1269.55,15,F,F,F,F,T,T,T,T,F,F,F
28629-ID,44.8107,M,NO," 131,000 ",31,college,Divorced,4,20.2,1,F,F,F,F,F,F,F,T,F,F,T
28630-ID,30.4989,F,NO," 75,500 ",39,bachelor,Married,2,4487.3,62,F,F,F,F,F,T,F,F,F,T,F
28755-ID,43.9948,F,YES," 55,000 ",25,college,Married,0,505.9,26,F,F,F,F,F,F,F,F,F,T,T
28803-ID,41.9003,M,YES," 66,000 ",38,college,Divorced,3,2001,24,F,F,F,F,T,F,T,T,F,T,F
28935-ID,22.975,F,NO," 147,500 ",46,college,Married,3,20.2,1,T,F,F,F,F,F,T,F,F,F,F
28959-ID,21.5852,M,NO," 118,000 ",38,college,Divorced,1,5308.7,61,F,F,F,F,F,F,T,F,F,F,F
28977-ID,37.2656,M,NO," 56,500 ",33,college,Married,6,2347.9,32,F,T,T,F,T,T,T,T,F,F,F
28979-ID,35.8494,F,YES," 100,500 ",21,college,Single,5,19.9,1,F,F,F,F,T,F,F,F,T,F,T
28994-ID,11.2168,F,NO," 92,500 ",18,college,Single,2,89.55,1,T,F,F,F,F,T,F,F,F,T,F
29095-ID,46.7096,M,NO," 79,500 ",42,high school or below,Single,0,2003.6,34,F,F,F,F,T,F,T,T,T,F,F
29107-ID,32.3863,F,NO," 77,500 ",21,bachelor,Married,2,4113.1,40,F,F,F,F,F,T,T,F,F,F,F
29192-ID,21.2654,M,NO," 107,500 ",29,bachelor,Single,1,6130.85,72,F,T,F,F,F,F,F,F,F,F,T
29224-ID,40.9484,F,NO," 124,500 ",16,bachelor,Divorced,2,5436.45,71,T,F,F,F,F,T,F,T,T,T,T
29310-ID,49.8459,M,YES," 144,500 ",22,high school or below,Married,2,2497.2,31,F,F,T,F,F,F,F,F,T,F,F
29316-ID,34.5206,M,NO," 54,000 ",39,high school or below,Married,0,144.55,2,F,F,T,F,T,F,T,T,F,F,F
29343-ID,11.0385,F,NO," 136,500 ",46,college,Single,4,6254.45,72,T,T,F,F,F,F,F,F,T,F,T
29367-ID,43.3149,M,YES," 144,000 ",35,high school or below,Married,0,1090.65,52,F,F,F,F,F,F,T,F,F,F,F
29483-ID,29.1147,M,YES," 127,000 ",16,high school or below,Married,0,5526.75,61,T,F,F,F,F,F,F,F,F,F,F
29524-ID,10.7127,F,YES," 125,500 ",37,college,Married,0,322.9,6,F,F,F,F,T,F,F,F,F,F,F
29625-ID,18.3863,M,YES," 101,500 ",43,bachelor,Divorced,0,3266,39,F,F,F,F,F,F,F,F,F,F,F
29640-ID,28.5955,F,NO," 89,000 ",27,bachelor,Divorced,2,313.6,3,F,F,F,F,T,T,T,F,T,F,F
29944-ID,42.8985,M,NO," 149,000 ",18,college,Divorced,0,2686.05,25,T,F,T,F,F,F,T,T,F,T,F
30132-ID,23.9357,M,NO," 78,500 ",23,bachelor,Married,4,6125.4,62,T,F,F,T,T,F,T,T,F,T,F
30239-ID,42.3719,M,YES," 80,500 ",17,bachelor,Divorced,7,1444.65,15,T,F,T,T,F,F,F,F,F,F,F
30243-ID,30.3916,M,YES," 57,500 ",33,doctor,Single,5,1416.75,62,F,T,F,F,T,T,T,T,T,F,T
30371-ID,30.8872,F,YES," 115,500 ",24,high school or below,Divorced,2,5812,60,T,F,F,F,F,F,F,F,F,F,F
30390-ID,26.6278,M,YES," 107,000 ",25,doctor,Married,2,114.15,2,F,F,T,F,F,F,F,F,F,F,F
30423-ID,44.942,F,YES," 61,000 ",45,bachelor,Married,6,2416.1,34,F,F,T,F,F,F,F,F,F,F,T
30459-ID,32.6755,F,NO," 102,500 ",29,bachelor,Single,2,1360.25,70,F,F,F,F,T,F,F,F,T,T,T
30504-ID,27.5034,F,NO," 98,000 ",37,bachelor,Married,2,6668.05,71,F,T,F,F,F,F,F,F,F,T,F
30558-ID,16.5851,F,YES," 119,000 ",34,master,Married,1,1406,23,F,F,F,F,F,F,F,F,F,T,F
30850-ID,17.1818,F,NO," 99,500 ",34,college,Single,2,5861.75,59,T,F,F,F,F,F,F,F,F,T,F
30989-ID,25.9133,F,NO," 99,500 ",50,college,Single,2,4973.4,71,F,F,F,F,F,F,F,F,F,F,T
31011-ID,39.5627,M,NO," 135,500 ",16,bachelor,Married,4,1145.7,15,T,F,F,F,T,F,T,T,T,T,F
31033-ID,41.5652,M,NO," 89,000 ",47,master,Single,2,4616.05,61,F,F,F,T,F,F,F,F,T,F,T
31046-ID,16.5846,F,YES," 98,500 ",25,bachelor,Married,2,61.7,3,T,F,F,F,T,T,T,T,F,T,F
31083-ID,45.6146,F,NO," 103,500 ",26,college,Married,2,4738.3,52,T,T,T,F,T,F,F,F,T,T,T
31384-ID,37.2056,M,NO," 137,500 ",27,college,Married,4,1152.8,14,F,F,F,F,T,F,F,F,F,F,F
31552-ID,36.2776,M,YES," 118,500 ",17,master,Married,1,690.25,33,T,F,F,T,F,F,F,F,F,F,T
31828-ID,30.426,M,NO," 60,000 ",17,college,Married,6,5016.25,53,F,F,F,T,F,T,F,F,F,T,F
31921-ID,34.4264,M,YES," 58,000 ",32,high school or below,Married,3,3557.7,50,T,F,F,F,F,F,F,F,T,F,F
32083-ID,11.4418,M,NO," 94,000 ",42,college,Married,2,137.6,7,F,T,F,T,F,T,F,F,F,F,F
32160-ID,19.7177,F,YES," 103,000 ",33,master,Divorced,0,490.65,24,F,F,F,F,F,F,T,T,F,F,T
32182-ID,13.3271,F,YES," 121,500 ",29,bachelor,Divorced,2,865,41,F,F,F,F,F,F,F,T,F,F,F
32302-ID,33.8303,F,YES," 62,500 ",37,high school or below,Single,7,888.65,11,F,F,F,F,F,F,F,F,F,F,F
32369-ID,21.9204,M,YES," 117,500 ",21,high school or below,Single,1,90.85,1,F,F,F,F,T,F,F,F,F,F,T
32380-ID,11.1224,F,YES," 94,500 ",20,high school or below,Divorced,3,631.4,15,T,F,F,F,T,F,F,F,T,F,F
32392-ID,16.1584,M,NO," 138,000 ",22,bachelor,Married,4,1071.4,15,T,F,F,F,F,F,F,F,F,T,F
32408-ID,38.5706,F,YES," 62,000 ",32,college,Single,6,1679.25,72,F,F,F,F,F,F,F,T,F,F,F
32432-ID,28.3847,M,YES," 148,500 ",34,master,Divorced,2,2970.3,49,F,T,F,F,F,F,T,F,F,F,T
32444-ID,24.2582,F,NO," 141,000 ",17,college,Married,0,3042.25,52,T,F,F,T,F,F,F,F,F,T,F
32594-ID,20.9057,F,YES," 131,000 ",16,high school or below,Married,0,219.35,12,F,F,F,F,F,F,F,F,F,F,F
32646-ID,26.531,M,YES," 75,500 ",40,bachelor,Divorced,2,3340.55,37,T,F,F,F,T,F,T,T,F,T,T
32669-ID,49.8042,M,YES," 78,000 ",46,master,Married,1,489.45,6,T,F,F,F,F,F,T,F,F,F,F
33056-ID,14.4013,M,NO," 117,500 ",27,college,Single,1,5067.45,48,F,F,F,F,F,F,F,F,F,F,F
33167-ID,24.2185,F,NO," 143,000 ",21,high school or below,Single,1,2111.3,30,F,F,F,F,F,F,T,T,F,F,F
33172-ID,31.065,M,YES," 98,500 ",48,master,Married,3,85.7,1,F,T,F,F,F,F,F,F,F,F,T
33173-ID,36.8328,F,YES," 123,500 ",43,bachelor,Single,0,19.25,1,F,F,F,F,F,F,F,F,T,F,T
33233-ID,24.774,M,YES," 136,000 ",28,bachelor,Single,6,5000.2,53,F,T,F,F,F,F,F,F,T,F,F
33413-ID,37.9016,F,NO," 103,500 ",39,college,Married,0,1758.6,23,F,F,F,F,F,F,T,F,T,F,T
33622-ID,39.2378,M,NO," 131,000 ",25,bachelor,Married,0,1836.9,71,T,F,F,F,F,F,F,T,T,T,F
33697-ID,21.979,M,YES," 98,500 ",25,bachelor,Married,0,346.2,4,F,F,F,F,F,T,F,F,T,F,T
33891-ID,12.0017,F,YES," 65,500 ",47,master,Married,0,759.35,35,F,T,F,F,F,F,F,F,F,T,F
34297-ID,14.9744,F,NO," 113,000 ",32,master,Married,3,899.45,41,F,F,F,F,F,F,F,F,F,F,F
34529-ID,43.1953,F,NO," 99,000 ",18,doctor,Married,0,4747.65,61,T,F,F,F,F,T,F,F,F,T,T
34593-ID,35.8231,M,YES," 134,000 ",50,bachelor,Single,0,1901.65,20,F,F,F,T,F,T,T,F,T,F,F
34605-ID,45.77,F,YES," 110,000 ",49,master,Divorced,0,100.9,6,F,F,T,F,T,T,F,F,T,F,T
34702-ID,26.3763,M,YES," 145,500 ",25,bachelor,Married,0,6311.2,63,T,F,F,F,F,F,F,F,F,T,F
34750-ID,21.9036,F,NO," 139,000 ",48,college,Married,0,81.25,2,T,F,F,F,T,T,F,T,F,F,F
34756-ID,15.2704,F,YES," 79,500 ",18,college,Married,2,1510.3,27,F,F,F,F,F,F,F,F,F,F,F
34809-ID,32.7941,F,NO," 56,500 ",38,master,Divorced,1,360.35,16,F,F,F,F,F,T,F,F,F,F,F
35197-ID,40.3398,M,NO," 137,000 ",38,high school or below,Divorced,4,419.9,22,F,F,F,F,F,F,T,T,T,T,F
35262-ID,26.2512,M,YES," 90,500 ",22,bachelor,Married,2,35.9,2,T,F,F,F,T,F,F,T,T,F,F
35519-ID,30.2371,M,YES," 107,000 ",32,bachelor,Married,3,3902.6,61,F,F,F,F,F,F,T,F,F,F,F
35561-ID,34.4236,M,YES," 66,500 ",24,bachelor,Married,0,7039.45,68,F,F,F,F,F,F,T,F,F,F,T
35707-ID,16.5348,M,NO," 126,500 ",42,college,Divorced,2,2007.25,19,F,F,T,F,F,F,F,F,F,T,F
35904-ID,38.0608,F,NO," 142,000 ",20,master,Single,1,5714.25,66,T,F,T,T,T,F,F,F,T,T,T
35979-ID,27.747,M,NO," 95,000 ",35,high school or below,Married,0,4860.35,44,F,F,F,F,F,F,F,F,F,T,F
36040-ID,37.3032,M,NO," 140,500 ",26,bachelor,Married,2,835.15,41,F,F,T,F,F,F,T,F,T,F,F
36190-ID,28.4132,M,YES," 77,500 ",18,high school or below,Single,4,7616,71,F,F,T,F,T,F,T,T,F,F,F
36191-ID,46.4275,F,NO," 57,000 ",24,high school or below,Married,1,3013.05,38,T,F,F,T,F,F,T,T,F,T,F
36278-ID,43.0066,M,NO," 102,000 ",40,master,Married,4,6744.2,69,F,T,T,F,F,F,T,F,F,F,F
36364-ID,19.7256,F,YES," 88,000 ",48,bachelor,Married,0,1013.05,47,F,F,F,F,F,T,F,F,F,T,F
36405-ID,34.8222,F,YES," 92,000 ",19,bachelor,Married,0,394.85,15,F,F,T,F,F,F,T,T,F,F,F
36631-ID,27.0515,M,YES," 110,500 ",16,college,Married,1,1642.75,64,F,F,F,F,F,F,F,F,F,F,F
36857-ID,46.1326,M,YES," 95,500 ",49,college,Married,0,3084.9,38,F,T,F,F,F,F,F,F,F,F,F
36863-ID,39.4701,F,YES," 127,500 ",34,bachelor,Married,0,2633.3,32,F,F,F,T,F,F,F,F,T,F,T
36927-ID,20.1812,M,NO," 55,500 ",35,college,Married,2,19.65,1,F,F,F,F,T,F,T,T,F,F,T
36951-ID,12.9531,F,YES," 58,500 ",32,master,Married,0,2552.9,37,F,F,F,F,F,F,F,T,F,F,T
37098-ID,26.6378,F,YES," 70,500 ",37,bachelor,Married,0,609.65,7,T,T,T,F,F,F,F,F,F,F,F
37114-ID,48.0396,M,NO," 81,000 ",37,master,Single,0,1175.6,17,F,F,F,F,T,F,T,T,F,T,T
37166-ID,16.4835,F,NO," 108,000 ",23,college,Single,2,1861.5,24,T,F,F,F,F,F,F,T,F,T,F
37305-ID,33.9607,M,NO," 91,000 ",49,college,Divorced,2,164.3,8,F,F,F,F,F,F,F,F,F,F,F
37366-ID,43.2528,M,NO," 94,000 ",19,bachelor,Married,6,3355.65,40,T,F,F,T,F,T,F,F,F,T,F
37523-ID,27.6713,F,NO," 126,000 ",16,college,Divorced,2,70.6,1,T,T,T,T,T,F,F,F,T,T,F
37567-ID,41.7778,M,NO," 132,000 ",46,high school or below,Divorced,2,1934.45,19,F,T,F,T,F,F,T,F,F,F,F
37571-ID,18.0642,M,NO," 103,500 ",38,college,Married,2,8399.15,72,F,T,T,F,T,F,F,F,T,F,F
37784-ID,49.0631,M,YES," 87,000 ",41,college,Single,2,2848.45,35,F,F,F,F,F,T,F,F,F,F,F
37917-ID,32.2318,F,NO," 135,000 ",32,bachelor,Single,2,1111.65,13,F,T,F,F,F,F,F,F,T,F,T
37917-ID,22.9288,F,NO," 52,500 ",26,college,Divorced,6,1129.35,16,T,T,F,F,F,F,F,F,T,F,F
37939-ID,49.7316,M,YES," 141,500 ",18,high school or below,Married,1,927.35,12,T,T,T,F,F,T,F,F,F,F,F
38014-ID,23.331,F,NO," 80,000 ",42,college,Married,2,184.65,2,F,T,T,F,T,T,T,F,F,F,F
38055-ID,14.4497,F,YES," 113,000 ",25,college,Divorced,2,858.6,10,T,F,F,F,F,F,F,F,F,F,F
38063-ID,36.0742,F,NO," 147,000 ",16,bachelor,Married,2,316.9,5,T,F,F,F,F,F,F,F,T,T,T
38097-ID,37.1385,M,NO," 58,500 ",19,college,Single,1,1601.2,64,T,F,F,F,T,T,T,T,T,T,F
38360-ID,35.0157,F,YES," 73,500 ",27,high school or below,Single,0,4461.85,52,F,F,F,F,T,F,F,F,F,F,F
38468-ID,42.7908,F,YES," 91,500 ",23,high school or below,Married,2,222.3,3,F,F,F,F,F,F,F,F,F,F,F
38477-ID,13.8168,M,YES," 82,500 ",38,bachelor,Single,0,5817,63,F,T,F,F,F,F,F,F,F,F,T
38600-ID,47.476,M,NO," 112,500 ",48,bachelor,Single,0,1882.55,16,F,F,F,F,F,F,F,F,T,F,T
38608-ID,42.7334,M,YES," 122,000 ",21,master,Married,3,511.25,7,F,T,F,F,F,F,F,T,F,F,F
38645-ID,47.2099,F,YES," 109,500 ",20,bachelor,Single,0,673.25,7,T,F,F,F,F,T,F,T,T,T,T
38723-ID,17.159,F,NO," 142,000 ",16,high school or below,Married,1,74.7,1,T,F,T,F,F,F,F,T,F,T,F
38765-ID,22.2034,M,YES," 122,000 ",22,master,Divorced,0,139.05,2,F,F,F,F,F,F,F,T,F,F,F
39042-ID,49.8321,F,NO," 121,000 ",46,bachelor,Married,3,72.1,1,F,F,F,F,F,T,F,F,T,F,T
39077-ID,20.5746,M,NO," 141,000 ",34,college,Married,2,3954.1,43,F,T,F,F,F,T,F,F,F,F,F
39080-ID,18.3878,F,YES," 105,000 ",36,college,Single,6,19.85,1,F,F,F,F,T,F,F,F,F,T,F
39081-ID,47.5807,M,YES," 53,000 ",18,high school or below,Single,6,0,0,F,T,T,T,T,T,T,T,T,F,F
39221-ID,35.3104,M,NO," 115,500 ",43,college,Single,2,19.6,1,F,T,F,F,F,T,F,F,F,F,F
39581-ID,29.2526,F,YES," 139,500 ",49,high school or below,Divorced,0,1723.95,72,F,F,F,F,F,F,F,F,F,F,F
39715-ID,28.2126,M,YES," 101,000 ",17,high school or below,Married,5,3808,56,T,F,F,F,F,F,F,F,F,F,F
39808-ID,42.7123,M,NO," 135,000 ",46,bachelor,Married,4,662.65,8,F,T,F,T,F,F,F,F,F,F,T
39817-ID,13.2005,F,YES," 87,500 ",49,high school or below,Married,5,417,22,F,F,F,F,F,F,F,T,F,F,F
39884-ID,31.2737,M,NO," 148,500 ",21,master,Married,2,7382.25,71,F,F,F,F,F,F,F,F,T,F,F
39914-ID,36.7285,F,YES," 68,500 ",26,bachelor,Single,2,7984.15,71,T,F,F,T,F,F,F,F,F,F,F
39952-ID,35.3369,M,NO," 79,500 ",37,bachelor,Divorced,6,52.2,1,F,F,T,F,T,F,T,T,F,F,F
39970-ID,46.7406,M,YES," 69,500 ",22,master,Married,0,2679.7,30,F,F,F,F,T,F,T,T,F,F,F
40090-ID,41.4851,F,YES," 66,000 ",25,high school or below,Single,2,215.8,3,F,F,F,F,T,F,T,F,F,F,F
40208-ID,23.167,F,NO," 144,500 ",40,high school or below,Divorced,2,930.9,50,T,T,F,F,F,T,T,F,F,F,F
40282-ID,33.5207,F,YES," 102,500 ",42,master,Married,0,85,1,F,F,F,T,F,F,T,F,T,F,T
40459-ID,37.9935,F,NO," 118,500 ",47,bachelor,Married,1,19.15,1,F,F,F,T,F,F,F,F,T,F,T
40505-ID,43.0394,F,NO," 127,000 ",50,bachelor,Single,0,7008.15,61,F,T,F,T,F,F,F,F,T,F,T
40542-ID,44.2289,F,NO," 81,500 ",42,high school or below,Married,7,208.85,3,F,F,F,F,F,F,F,F,F,F,F
40579-ID,49.542,F,YES," 123,000 ",45,master,Single,0,1355.1,71,F,F,F,F,F,F,F,F,T,F,T
40659-ID,27.48,M,YES," 75,000 ",39,master,Married,2,229.6,12,F,F,F,F,T,F,T,T,F,F,F
40690-ID,28.6205,M,NO," 124,000 ",45,master,Married,2,1229.1,52,F,F,T,F,T,F,T,F,F,F,F
40743-ID,25.3732,M,YES," 96,000 ",24,high school or below,Married,0,1170.5,16,F,F,F,T,F,F,F,F,F,F,F
40789-ID,11.186,F,NO," 64,000 ",16,college,Married,0,4054.2,56,T,F,F,T,F,F,F,F,F,T,T
40949-ID,10.117,M,YES," 80,000 ",39,college,Single,2,6152.3,59,T,F,F,T,T,T,T,T,F,F,F
41132-ID,18.4412,F,NO," 99,500 ",42,college,Divorced,2,445.95,7,F,F,F,F,T,F,F,F,F,F,T
41157-ID,20.2332,F,NO," 76,000 ",40,high school or below,Single,2,372.45,14,T,F,T,T,F,T,T,F,F,F,F
41792-ID,14.5692,M,NO," 148,000 ",22,high school or below,Married,4,6369.45,72,T,F,F,F,F,F,F,F,F,T,F
41805-ID,48.5787,M,NO," 81,500 ",25,college,Married,0,4758.8,72,F,F,F,F,T,F,T,T,F,T,T
41841-ID,18.2815,M,NO," 107,500 ",40,college,Married,1,1415,15,T,T,T,T,T,F,F,F,F,F,T
41866-ID,20.4519,F,NO," 80,500 ",34,bachelor,Married,2,8065.65,72,F,F,F,F,F,F,F,F,F,F,F
41996-ID,28.3472,F,YES," 119,500 ",48,master,Single,1,889,16,F,F,F,T,F,F,F,F,F,F,T
42037-ID,49.7612,M,NO," 149,500 ",25,doctor,Married,0,5681.1,58,F,F,F,F,F,T,F,F,F,F,F
42056-ID,44.8521,F,YES," 69,500 ",30,college,Married,2,5682.25,53,F,F,F,F,F,F,F,F,T,T,F
42163-ID,44.9981,M,NO," 146,500 ",29,bachelor,Single,2,144.15,2,T,F,F,F,F,F,F,F,F,F,F
42167-ID,10.6201,F,NO," 55,500 ",35,high school or below,Married,5,3877.65,52,F,T,T,F,F,F,F,F,T,F,F
42381-ID,46.0621,M,NO," 65,500 ",31,high school or below,Single,2,2896.55,32,F,F,F,F,T,T,T,T,T,T,F
42459-ID,32.6446,F,YES," 119,000 ",47,bachelor,Married,1,83.75,5,F,F,T,F,F,T,T,F,T,F,T
42524-ID,14.2989,F,NO," 128,500 ",22,bachelor,Married,3,2531.8,41,T,T,T,T,F,F,F,F,F,T,F
42583-ID,35.6757,F,YES," 66,500 ",24,college,Married,0,2538.05,30,F,F,F,F,F,F,F,F,F,F,F
42653-ID,14.0502,M,YES," 126,500 ",49,bachelor,Married,0,1511.2,16,F,F,T,F,F,F,F,F,F,F,F
42689-ID,12.2038,F,NO," 100,000 ",40,master,Married,0,89.05,3,T,F,F,F,F,F,F,F,F,F,T
42778-ID,35.2808,M,YES," 77,500 ",17,high school or below,Married,2,1058.1,18,F,F,T,T,T,F,T,T,F,F,F
42927-ID,25.6375,F,YES," 73,000 ",24,college,Married,5,5898.6,66,F,F,F,F,F,F,F,F,F,F,F
43044-ID,29.8836,M,YES," 108,500 ",32,high school or below,Single,0,734.35,13,T,T,T,F,F,F,F,F,F,F,F
43111-ID,43.4371,F,YES," 57,000 ",27,bachelor,Divorced,1,7849.85,68,F,F,T,T,T,F,F,F,F,F,F
43228-ID,40.0922,M,NO," 143,000 ",44,high school or below,Married,1,1216.6,45,T,F,F,F,F,F,F,F,F,F,F
43401-ID,29.4406,M,NO," 58,000 ",24,high school or below,Single,2,273.75,3,T,F,F,F,T,F,T,T,F,T,F
43498-ID,33.6065,F,YES," 85,000 ",44,high school or below,Single,6,605.9,22,F,F,F,F,F,F,F,F,F,F,F
43550-ID,10.5365,M,NO," 51,000 ",47,college,Single,6,2178.6,25,F,F,T,F,T,F,T,T,F,F,F
43557-ID,24.5056,F,YES," 54,000 ",25,bachelor,Single,4,1055.9,20,T,F,F,F,F,F,F,F,F,F,F
43800-ID,44.2831,F,YES," 139,500 ",36,bachelor,Divorced,0,3027.65,33,F,F,F,F,T,F,F,T,T,F,T
43962-ID,11.6764,M,NO," 113,000 ",49,bachelor,Single,0,3161.2,35,F,F,F,F,F,F,F,F,F,T,F
43964-ID,29.4585,F,NO," 92,500 ",24,college,Married,0,5794.65,56,T,F,F,F,T,F,F,F,T,F,F
44235-ID,27.7268,F,YES," 116,000 ",41,master,Married,2,7007.6,69,F,F,F,T,F,F,F,T,T,F,T
44294-ID,38.5314,M,NO," 81,500 ",18,master,Married,1,1907.85,22,F,F,F,T,T,F,T,T,F,F,F
44452-ID,12.6097,F,NO," 59,500 ",30,college,Married,0,827.45,9,T,F,F,F,F,T,F,T,F,F,F
44562-ID,13.532,F,YES," 143,000 ",50,bachelor,Married,1,2688.85,46,F,F,T,F,F,F,T,F,F,F,F
44594-ID,46.6746,F,YES," 117,000 ",50,master,Married,2,2595.25,27,F,F,F,F,F,F,F,F,T,F,T
44775-ID,23.5745,F,NO," 132,000 ",44,high school or below,Single,2,84.5,2,T,F,F,F,F,F,F,T,T,T,F
44825-ID,36.9448,F,NO," 63,000 ",50,doctor,Married,0,4733.1,49,F,T,F,F,F,F,F,F,F,T,T
44887-ID,46.8983,M,YES," 142,000 ",41,high school or below,Married,1,918.75,9,T,F,F,F,F,F,F,F,F,F,F
45019-ID,47.2341,M,NO," 99,000 ",48,college,Married,0,1103.25,60,F,T,F,F,F,F,F,F,F,F,F
45102-ID,32.5518,M,NO," 144,000 ",16,high school or below,Divorced,1,7099,64,T,F,F,F,F,F,T,F,F,T,F
45375-ID,39.4947,M,NO," 125,500 ",50,college,Single,7,1779.95,18,F,F,F,F,F,T,T,F,F,F,F
45992-ID,13.6452,F,YES," 82,500 ",49,bachelor,Married,0,515.75,7,F,F,F,F,F,F,F,F,F,F,F
46005-ID,30.8594,M,NO," 131,000 ",32,high school or below,Married,2,179.35,4,F,F,F,F,F,F,F,F,F,F,F
46054-ID,14.2814,M,NO," 75,000 ",46,bachelor,Single,2,5509.3,55,F,T,T,F,T,T,T,T,F,F,T
46071-ID,18.1207,F,NO," 125,500 ",32,bachelor,Married,0,70,1,T,F,T,F,F,F,F,F,F,T,F
46278-ID,34.0079,M,NO," 117,000 ",40,college,Married,2,4063,44,T,T,F,F,T,F,F,T,F,F,F
46419-ID,45.3239,F,NO," 100,000 ",27,high school or below,Married,2,6033.3,56,F,F,F,F,F,F,F,F,F,F,T
46471-ID,25.4795,M,YES," 85,500 ",23,master,Married,6,1164.05,14,F,F,F,F,F,F,F,F,F,F,F
46539-ID,38.3992,M,NO," 102,000 ",23,master,Married,2,4946.7,60,T,F,F,T,F,T,F,F,F,T,F
46686-ID,29.5925,F,NO," 87,500 ",34,college,Single,0,6316.2,72,F,F,F,T,F,F,F,F,F,F,F
46730-ID,41.6178,F,NO," 93,500 ",35,bachelor,Married,0,2395.7,25,T,F,F,F,F,T,F,F,F,F,F
47136-ID,22.032,F,NO," 122,000 ",43,bachelor,Married,0,161.95,8,F,F,F,F,F,F,F,F,F,T,F
47251-ID,46.4065,F,YES," 145,500 ",43,college,Single,4,1752.55,18,T,T,T,F,T,F,F,F,T,T,T
47307-ID,29.8812,F,NO," 57,000 ",45,college,Married,3,4557.5,56,F,F,F,F,F,F,F,F,F,F,F
47330-ID,20.9348,F,YES," 94,000 ",21,bachelor,Single,0,5755.8,62,T,F,F,F,F,F,T,F,T,F,T
47341-ID,31.9765,M,NO," 101,500 ",16,high school or below,Married,0,6744.25,65,T,F,F,F,F,F,T,F,F,T,T
47343-ID,48.9554,F,YES," 141,500 ",41,college,Married,1,2514.5,25,F,T,F,F,F,F,T,F,T,F,T
47421-ID,28.7408,M,YES," 87,000 ",49,doctor,Married,6,4189.7,66,F,F,F,F,F,F,F,F,F,F,F
47441-ID,13.5428,F,YES," 108,000 ",36,bachelor,Divorced,2,453.4,5,F,T,F,F,F,F,T,F,F,F,T
47489-ID,23.0236,M,YES," 92,000 ",41,doctor,Married,2,3442.15,50,F,F,F,F,F,F,F,F,T,F,T
47547-ID,42.8159,F,YES," 84,500 ",46,high school or below,Single,6,1901.05,25,F,F,T,F,F,F,F,F,F,F,F
47598-ID,42.9427,F,YES," 119,500 ",40,master,Married,1,846,10,T,F,F,F,F,F,F,T,T,F,T
47638-ID,25.666,M,YES," 51,000 ",41,bachelor,Married,6,259.4,5,F,F,F,F,T,F,T,T,F,F,F
47645-ID,35.6412,F,NO," 65,000 ",35,bachelor,Married,0,85.15,2,F,F,F,F,F,F,F,F,F,F,F
47913-ID,49.0675,F,NO," 144,500 ",25,bachelor,Married,3,3650.35,47,F,F,F,T,F,F,F,F,T,F,T
47914-ID,44.5913,F,YES," 123,500 ",32,bachelor,Divorced,2,1886.25,22,F,T,F,F,F,F,F,F,T,T,T
47923-ID,26.039,M,YES," 120,000 ",38,college,Married,2,681.4,17,F,F,T,T,T,F,F,T,F,F,F
48247-ID,48.6794,F,NO," 55,000 ",50,bachelor,Married,1,412.5,5,F,F,F,F,F,F,F,F,F,F,F
48749-ID,18.471,F,YES," 105,500 ",30,high school or below,Married,2,1782.4,20,F,F,F,F,F,F,F,F,F,T,F
48783-ID,24.61,M,NO," 82,500 ",50,bachelor,Married,0,190.5,2,T,F,F,F,T,F,T,T,F,F,F
48893-ID,28.3283,F,YES," 53,000 ",49,master,Single,6,171.15,2,F,F,F,F,F,F,F,F,F,F,T
48896-ID,30.4368,F,YES," 86,000 ",22,high school or below,Married,6,2263.4,29,F,F,F,F,F,F,F,F,F,F,F
49085-ID,26.1937,M,NO," 147,000 ",25,doctor,Married,0,4872.35,70,F,F,F,F,F,F,F,F,T,T,T
49225-ID,13.8218,F,YES," 81,500 ",43,bachelor,Single,2,1600.25,22,F,F,F,F,F,F,F,F,F,F,F
49632-ID,10.7717,M,NO," 108,500 ",21,college,Married,6,330.6,17,F,F,F,F,T,T,F,F,F,T,T
49658-ID,17.2076,M,YES," 88,000 ",40,college,Married,0,4149.45,51,F,T,T,F,T,F,F,F,F,F,T
49769-ID,20.058,M,YES," 131,500 ",19,bachelor,Divorced,0,5324.5,65,F,T,F,F,F,F,F,F,F,F,F
49861-ID,38.8491,M,YES," 101,500 ",32,college,Married,7,834.1,10,F,F,F,F,F,F,F,T,F,F,F
50064-ID,47.0822,M,NO," 77,000 ",20,bachelor,Single,2,5986.45,70,T,F,F,T,T,F,T,T,F,T,F
50087-ID,40.9255,F,NO," 86,500 ",45,bachelor,Divorced,6,2015.35,25,F,F,F,F,F,F,F,F,T,F,F
50104-ID,25.603,M,NO," 69,000 ",23,high school or below,Married,5,1231.85,19,T,F,F,F,F,F,F,T,F,T,F
50142-ID,17.7878,M,YES," 122,500 ",23,bachelor,Single,0,5138.1,52,F,F,F,F,F,F,F,F,T,F,F
50150-ID,39.5248,F,NO," 94,000 ",27,doctor,Married,0,522.95,7,T,F,T,F,F,F,F,F,T,T,F
50180-ID,35.5435,M,YES," 118,500 ",42,doctor,Married,1,6962.85,71,F,F,T,F,T,T,F,F,F,F,T
50258-ID,43.0885,F,YES," 95,500 ",25,high school or below,Single,2,6786.4,65,F,T,F,F,F,F,F,F,F,F,F
50324-ID,20.1004,M,YES," 144,500 ",16,college,Single,2,857.25,9,F,T,T,F,F,F,F,F,F,T,F
50531-ID,37.4002,F,YES," 53,500 ",36,bachelor,Married,6,5580.8,59,T,T,F,T,F,F,F,F,F,F,F
50551-ID,27.6473,F,NO," 67,500 ",27,college,Married,0,2193,26,T,F,T,T,T,F,T,F,F,F,F
50633-ID,23.0638,M,YES," 96,000 ",46,college,Single,3,1414.45,65,F,F,F,F,F,F,F,F,F,F,T
50645-ID,31.6988,F,YES," 150,000 ",45,bachelor,Single,2,820.5,8,F,T,F,F,F,F,T,F,F,F,F
50647-ID,38.5632,M,YES," 110,500 ",25,college,Single,0,2227.1,28,F,F,F,F,T,F,F,F,F,F,F
50961-ID,24.0284,F,YES," 83,000 ",16,high school or below,Single,0,202.9,3,F,F,F,F,F,F,F,T,F,F,F
51183-ID,22.3157,F,NO," 115,500 ",25,bachelor,Divorced,2,1468.75,72,F,F,F,F,F,F,F,F,F,F,F
51384-ID,14.8697,F,NO," 56,000 ",47,bachelor,Single,0,4209.95,43,F,F,F,F,F,F,F,F,F,T,F
51732-ID,41.0697,M,YES," 76,500 ",33,college,Married,2,1563.95,62,F,T,F,F,T,F,T,T,F,F,F
51818-ID,16.6528,M,NO," 131,500 ",34,college,Married,0,624.6,8,T,F,F,F,F,F,F,F,F,F,F
51846-ID,37.0748,F,NO," 70,000 ",21,master,Married,0,5017.9,50,T,F,F,F,F,F,F,F,F,T,F
51916-ID,24.7427,F,NO," 70,000 ",23,bachelor,Married,0,2823,31,F,F,T,T,F,T,F,T,F,F,F
51939-ID,43.2419,M,YES," 57,500 ",47,bachelor,Married,2,5924.4,71,F,F,F,F,T,F,T,T,T,F,F
51979-ID,20.5285,M,YES," 55,500 ",16,college,Single,3,572.2,29,F,F,F,F,T,T,T,T,F,F,T
52011-ID,39.1196,F,NO," 122,500 ",25,bachelor,Divorced,2,880.05,11,F,F,F,F,F,F,F,T,F,F,F
52128-ID,13.6852,M,YES," 145,000 ",29,bachelor,Single,7,5450.7,60,F,F,F,F,T,F,T,F,F,F,F
52359-ID,26.2052,F,NO," 51,500 ",16,bachelor,Divorced,6,80.55,1,T,F,F,F,F,F,T,F,T,T,F
52421-ID,31.7355,M,NO," 75,000 ",16,bachelor,Divorced,2,89.9,1,T,F,T,F,T,T,T,T,T,T,F
52451-ID,49.056,M,NO," 114,000 ",47,bachelor,Married,2,132.25,5,F,T,F,T,F,F,F,F,T,F,F
52530-ID,28.0822,F,NO," 92,000 ",35,bachelor,Married,0,45.7,1,F,F,T,F,F,F,F,F,F,F,F
52903-ID,38.6381,M,YES," 120,500 ",32,high school or below,Single,2,6430.9,64,F,F,F,F,F,F,F,F,F,F,F
53320-ID,46.27,M,YES," 91,000 ",39,high school or below,Married,2,655.3,35,F,F,T,F,F,T,F,F,F,T,F
53750-ID,38.5113,F,YES," 124,000 ",23,doctor,Married,7,3741.85,38,F,F,F,F,F,F,F,F,T,F,T
53953-ID,26.9729,F,NO," 55,500 ",48,high school or below,Single,4,3208.65,40,T,T,T,F,F,F,F,F,F,F,F
53959-ID,40.8684,F,YES," 84,000 ",27,master,Divorced,0,2879.9,47,F,T,T,T,F,F,F,T,F,F,T
54152-ID,20.595,M,YES," 122,000 ",38,bachelor,Married,0,739.35,35,F,F,F,F,F,F,T,T,T,F,F
54172-ID,10.4023,F,YES," 99,000 ",46,college,Married,7,3082.1,31,F,T,F,F,F,F,F,T,F,T,F
54180-ID,43.0372,M,NO," 67,500 ",32,bachelor,Single,2,1798.9,72,F,T,F,F,T,F,T,T,F,F,F
54190-ID,36.4736,F,YES," 96,500 ",24,high school or below,Single,1,4614.55,51,F,F,F,F,F,F,F,F,F,F,F
54313-ID,30.6545,M,NO," 138,000 ",22,college,Single,4,1929.95,30,T,F,T,F,F,F,F,F,F,T,T
54314-ID,31.2939,F,YES," 143,500 ",44,college,Married,1,177.4,3,F,T,F,F,F,F,F,F,F,F,F
54462-ID,38.8386,M,NO," 79,500 ",31,bachelor,Married,2,146.6,8,F,F,F,T,T,F,T,T,T,F,F
54981-ID,49.2205,M,YES," 124,000 ",17,college,Married,0,3682.45,48,F,F,F,F,T,T,F,F,T,F,F
55091-ID,40.2274,M,NO," 122,000 ",19,bachelor,Married,0,1470.05,17,F,F,F,F,F,T,F,T,F,F,F
55295-ID,32.6529,F,NO," 62,000 ",47,high school or below,Single,6,540.95,12,T,F,F,T,F,T,T,F,F,F,F
55418-ID,20.8812,F,YES," 84,000 ",23,high school or below,Married,2,3327.05,30,T,F,F,F,F,F,F,F,F,F,F
55550-ID,31.475,M,NO," 107,500 ",28,high school or below,Single,0,6201.95,72,T,F,F,F,F,F,T,F,T,F,F
55552-ID,41.6462,M,YES," 99,000 ",50,high school or below,Married,6,2754,47,T,F,F,F,F,F,F,F,F,T,F
55625-ID,44.8626,F,NO," 137,000 ",38,college,Single,4,251.6,10,T,T,T,F,F,T,F,F,T,F,T
55629-ID,49.6018,M,YES," 135,500 ",27,high school or below,Married,0,45.3,1,F,F,F,F,F,F,F,F,F,T,F
55652-ID,41.7166,M,NO," 70,500 ",20,bachelor,Married,0,3247.55,37,T,F,F,F,T,F,T,T,F,T,F
55951-ID,15.6793,M,NO," 118,000 ",39,college,Single,1,3662.25,43,F,F,F,F,F,F,F,F,T,F,T
55992-ID,17.2856,M,YES," 128,500 ",30,bachelor,Single,1,731.3,13,F,F,T,F,F,T,F,F,F,T,F
56034-ID,41.2711,M,NO," 70,500 ",16,college,Married,0,2857.6,27,T,T,F,F,T,F,T,T,F,T,F
56097-ID,46.7188,F,YES," 117,000 ",25,master,Single,0,44,1,F,F,F,F,F,F,F,F,T,F,T
56220-ID,12.6155,F,YES," 62,500 ",28,bachelor,Single,2,1916,35,F,T,F,F,F,T,F,F,F,F,F
56258-ID,21.5804,F,NO," 72,500 ",48,college,Single,0,1463.5,20,T,F,T,F,F,F,F,F,T,F,F
56452-ID,20.8234,M,NO," 128,500 ",48,master,Married,4,273.4,4,T,T,F,F,F,T,F,F,F,F,T
56677-ID,30.3099,F,NO," 139,000 ",42,bachelor,Married,2,3260.1,67,T,F,F,F,F,F,F,F,F,F,F
56851-ID,21.6406,M,NO," 67,000 ",29,high school or below,Single,1,205.05,3,F,F,F,F,T,F,T,T,F,F,F
56885-ID,33.5694,M,NO," 77,500 ",27,master,Married,1,7250.15,70,F,T,T,F,T,T,T,T,F,F,T
57068-ID,22.8535,M,NO," 104,500 ",42,high school or below,Married,2,5916.95,56,F,F,F,T,F,F,F,F,F,F,F
57101-ID,20.7588,M,YES," 99,000 ",49,master,Single,0,38.8,2,T,F,F,F,F,F,T,F,F,F,F
57102-ID,19.9099,M,NO," 80,500 ",30,bachelor,Divorced,2,3036.75,33,F,F,F,F,T,F,T,T,F,T,F
57207-ID,39.1627,M,YES," 148,500 ",48,bachelor,Married,0,528.35,10,F,F,F,T,F,F,F,F,T,F,T
57268-ID,25.0267,M,YES," 110,000 ",25,college,Married,2,1614.05,24,T,T,T,F,F,F,F,F,F,F,F
57582-ID,24.6694,M,YES," 149,500 ",39,bachelor,Divorced,0,326.8,16,F,F,F,T,F,T,F,F,F,F,F
57615-ID,46.7916,M,YES," 98,500 ",41,bachelor,Divorced,2,75.3,1,T,F,F,F,F,T,F,F,F,F,T
57678-ID,47.6595,M,NO," 124,500 ",29,bachelor,Married,3,220.35,12,F,F,F,F,F,F,T,F,F,F,F
57762-ID,26.7967,M,YES," 103,500 ",36,college,Married,2,5430.35,58,T,F,F,F,F,T,F,F,F,F,F
57851-ID,29.562,F,YES," 93,500 ",43,bachelor,Married,2,1968.1,23,T,F,F,F,F,T,F,T,F,F,T
57952-ID,35.1487,F,NO," 134,500 ",48,high school or below,Married,0,1375.4,69,F,F,F,F,T,F,F,F,T,F,T
58144-ID,28.8307,F,NO," 145,500 ",38,college,Married,0,4456.35,60,F,F,F,F,F,T,T,F,F,F,F
58154-ID,49.1367,M,NO," 106,500 ",50,college,Married,0,1785.65,28,F,F,F,F,F,T,F,F,F,F,F
58188-ID,36.0631,M,NO," 149,500 ",19,high school or below,Married,3,3046.05,28,T,F,F,F,F,T,F,F,F,T,F
58235-ID,48.1146,F,NO," 117,000 ",45,bachelor,Married,1,214.75,11,F,F,F,F,T,F,F,F,T,F,T
58288-ID,14.481,M,NO," 80,000 ",24,bachelor,Married,0,5154.5,71,F,F,F,F,F,F,F,F,F,F,F
58341-ID,32.8363,F,YES," 64,500 ",38,bachelor,Married,0,44.7,1,F,F,F,F,T,T,F,F,F,F,F
58343-ID,13.3662,M,YES," 103,500 ",44,master,Married,5,686.95,35,F,F,F,T,F,F,F,F,F,F,T
58388-ID,18.7703,M,NO," 119,000 ",39,college,Single,1,492.55,5,F,F,T,F,F,T,F,T,F,F,F
58485-ID,35.5474,M,NO," 140,000 ",27,college,Married,2,229.55,3,T,F,F,F,F,F,T,F,F,F,T
58566-ID,37.6643,M,NO," 93,500 ",46,high school or below,Single,2,7943.45,72,F,T,T,F,F,F,F,F,F,F,F
58768-ID,18.0798,F,YES," 54,000 ",16,college,Single,7,4853.75,49,F,F,T,F,F,F,F,F,T,F,F
58803-ID,11.2921,M,NO," 67,500 ",39,college,Divorced,0,1643.55,23,F,T,F,F,T,F,T,T,F,F,T
58914-ID,28.9163,F,YES," 127,500 ",50,master,Married,2,147.15,2,F,F,F,F,F,F,T,F,F,F,F
59071-ID,28.0768,F,YES," 140,500 ",35,doctor,Married,5,2151.6,27,F,F,F,F,F,T,F,T,F,T,F
59184-ID,12.4807,F,NO," 74,500 ",36,bachelor,Married,0,5459.2,65,F,T,F,F,F,F,F,F,F,F,F
59297-ID,49.3566,F,NO," 110,000 ",28,college,Married,0,38,2,F,F,F,F,T,T,F,T,T,F,T
59349-ID,28.4931,M,YES," 81,000 ",18,bachelor,Married,0,275.7,14,T,F,T,F,T,F,T,T,F,F,F
59352-ID,49.4212,F,YES," 106,500 ",24,master,Married,0,4543.15,70,F,F,F,F,F,F,F,F,T,T,T
59389-ID,39.5687,F,NO," 72,500 ",29,bachelor,Married,0,307.4,3,F,F,F,F,T,F,F,F,F,F,F
59439-ID,20.7784,M,YES," 110,000 ",24,bachelor,Married,2,2768.35,28,T,F,F,F,F,F,F,T,F,F,F
59480-ID,10.3282,F,NO," 135,500 ",18,college,Single,5,780.2,34,T,T,F,T,T,F,F,F,T,T,F
59580-ID,40.8781,M,YES," 71,000 ",50,master,Married,0,497.55,6,T,F,F,T,T,F,T,T,F,F,F
59590-ID,27.9826,M,YES," 81,000 ",26,bachelor,Single,0,3089.1,41,F,F,T,T,T,F,T,T,F,F,F
59599-ID,27.4881,F,YES," 93,500 ",28,high school or below,Single,3,6819.45,66,F,F,F,F,F,T,T,T,F,F,F
60073-ID,11.656,M,YES," 113,000 ",34,high school or below,Married,6,119.5,2,F,F,F,F,F,F,F,F,T,T,F
60153-ID,47.156,M,YES," 137,000 ",31,college,Married,4,135.2,2,F,T,F,F,F,T,F,T,T,F,F
60159-ID,43.2178,M,NO," 58,000 ",47,high school or below,Single,0,4615.25,47,F,F,F,F,T,F,T,T,F,F,F
60240-ID,21.9871,M,YES," 119,000 ",45,bachelor,Single,1,3959.15,41,F,F,F,F,F,F,F,F,F,F,F
60499-ID,11.8442,M,YES," 64,000 ",30,bachelor,Divorced,5,2028.8,25,T,T,F,F,F,F,F,F,F,F,F
60571-ID,24.6707,F,NO," 93,000 ",29,high school or below,Single,2,6985.65,65,F,F,F,F,F,F,T,F,F,T,F
60688-ID,37.1075,M,NO," 122,000 ",38,high school or below,Divorced,2,5293.95,68,F,F,F,F,F,F,F,F,F,F,F
60755-ID,13.7796,F,YES," 100,000 ",48,college,Married,3,760.05,11,T,F,F,F,F,F,F,F,F,T,F
60820-ID,32.9802,F,NO," 61,500 ",20,bachelor,Married,6,1423.85,58,F,F,F,F,T,F,F,F,F,F,F
60890-ID,44.6318,M,NO," 79,000 ",28,bachelor,Married,0,2339.3,34,F,T,T,F,T,F,T,T,F,T,T
61011-ID,18.1253,M,YES," 125,000 ",21,master,Married,0,567.8,6,F,F,F,F,F,F,F,T,F,F,T
61107-ID,30.314,F,YES," 105,500 ",30,high school or below,Divorced,3,502.85,6,T,F,F,T,F,F,F,F,F,F,F
61144-ID,10.3736,F,NO," 137,000 ",24,college,Married,4,1821.95,22,T,F,T,T,F,F,F,F,F,T,F
61159-ID,47.2278,M,NO," 125,000 ",21,bachelor,Divorced,7,1940.8,23,T,T,T,F,F,T,F,F,F,T,F
61255-ID,49.5666,F,NO," 141,500 ",31,bachelor,Single,1,7459.05,72,F,F,T,T,F,F,F,F,T,F,T
61270-ID,31.9036,M,NO," 142,500 ",49,bachelor,Married,1,4327.5,42,F,F,F,F,F,F,F,F,T,F,F
61309-ID,22.5496,M,YES," 90,500 ",44,master,Married,2,1167.6,57,F,F,F,F,F,T,F,F,T,F,F
61329-ID,26.9282,F,YES," 86,000 ",49,bachelor,Married,6,2964,27,T,F,F,F,F,F,F,F,F,F,F
61342-ID,26.5892,F,NO," 94,500 ",41,high school or below,Single,4,4884.85,57,F,F,F,F,T,T,F,T,F,F,F
61618-ID,34.4744,F,YES," 78,000 ",49,college,Married,1,3009.5,46,F,F,F,F,T,F,F,F,F,F,T
61789-ID,14.3525,M,NO," 125,500 ",37,college,Married,0,927.15,20,F,F,F,F,T,F,F,T,F,T,F
61869-ID,31.8011,M,NO," 60,500 ",46,high school or below,Married,6,1893.95,27,T,F,F,F,T,F,T,T,T,F,F
62022-ID,42.7131,F,NO," 66,500 ",40,college,Single,6,1212.85,16,F,F,F,F,F,F,F,F,T,F,T
62060-ID,40.7025,M,YES," 55,500 ",42,college,Married,5,152.3,3,F,F,F,F,T,F,T,T,F,F,F
62175-ID,17.9183,M,NO," 66,500 ",16,high school or below,Divorced,5,0,0,T,T,F,F,T,T,T,T,F,T,F
62264-ID,43.3344,M,YES," 91,000 ",26,doctor,Married,2,6132.7,68,F,F,F,F,F,F,F,F,F,F,T
62455-ID,35.2522,F,YES," 84,000 ",43,high school or below,Divorced,2,7085.5,70,F,F,F,F,F,F,F,F,F,T,F
62789-ID,15.1609,M,NO," 70,000 ",25,high school or below,Married,0,2619.25,32,T,F,F,F,T,F,T,T,F,F,F
62993-ID,36.0895,F,YES," 139,000 ",45,master,Single,0,1277.75,64,F,F,F,T,F,F,F,F,F,F,F
62995-ID,14.0467,F,YES," 104,000 ",30,high school or below,Single,6,302.6,5,T,F,T,F,F,F,F,F,F,F,F
63138-ID,16.9606,M,NO," 85,500 ",22,high school or below,Single,6,2664.3,32,T,F,F,F,F,F,T,F,F,T,F
63368-ID,42.4066,M,NO," 65,000 ",38,master,Single,0,535.55,8,T,F,F,F,T,F,T,T,F,F,F
63420-ID,22.7588,M,NO," 97,500 ",21,high school or below,Married,0,45.6,1,T,F,F,T,F,F,T,F,F,T,F
63452-ID,17.8916,M,NO," 60,000 ",48,high school or below,Single,6,119.75,2,F,F,F,F,T,T,T,T,F,F,F
63694-ID,22.3043,F,YES," 58,500 ",29,bachelor,Single,0,5585.4,71,T,F,F,T,T,F,F,F,F,F,F
63779-ID,45.9019,F,NO," 56,500 ",48,bachelor,Married,0,1046.5,14,F,F,T,F,F,F,F,F,F,F,F
63817-ID,29.1748,M,YES," 98,000 ",28,bachelor,Single,0,3342.45,52,F,F,F,F,F,F,F,F,F,F,F
63829-ID,29.8575,F,NO," 65,500 ",45,high school or below,Married,0,3395.8,35,F,F,F,F,F,F,F,T,F,F,T
63880-ID,16.7477,F,NO," 104,000 ",23,bachelor,Married,0,4713.4,55,T,F,F,F,F,T,F,F,F,T,F
63979-ID,39.1,M,YES," 102,000 ",17,high school or below,Single,0,8248.5,72,F,F,T,F,F,T,F,T,F,F,F
63996-ID,13.7353,F,NO," 113,000 ",23,high school or below,Married,0,55.05,1,F,F,F,F,T,F,F,F,F,T,F
64053-ID,31.1795,F,NO," 136,000 ",36,college,Single,4,654.55,32,F,F,F,F,F,F,F,F,T,F,F
64215-ID,17.0993,M,NO," 76,500 ",42,high school or below,Single,2,3566.6,43,T,F,F,F,T,T,T,T,F,F,F
64239-ID,27.5083,M,YES," 79,000 ",22,bachelor,Single,4,143.65,2,F,F,T,F,T,F,T,T,T,F,F
64281-ID,17.718,M,NO," 55,000 ",47,college,Married,7,8046.85,72,T,F,F,T,T,F,T,T,T,T,F
64561-ID,23.6794,F,YES," 141,000 ",33,college,Single,0,3921.3,43,F,F,T,F,F,T,F,F,F,F,F
64596-ID,42.1336,M,YES," 122,500 ",28,college,Single,2,422.3,9,F,T,F,T,F,F,F,T,F,T,F
64668-ID,31.2009,M,NO," 56,000 ",49,high school or below,Divorced,2,447.75,8,F,F,T,T,T,T,T,T,F,F,F
64752-ID,18.8473,F,NO," 70,500 ",38,bachelor,Married,0,6215.35,63,F,F,F,T,T,F,F,T,F,F,F
64861-ID,18.7711,M,YES," 136,000 ",49,college,Married,6,242.8,2,F,F,F,T,F,F,T,T,F,F,T
64892-ID,38.9995,F,YES," 64,500 ",46,college,Divorced,2,2162.6,22,F,F,F,F,F,F,T,F,T,F,F
65006-ID,10.546,F,NO," 63,000 ",24,college,Married,0,4542.35,59,T,F,T,F,F,F,F,F,F,T,F
65088-ID,11.9406,M,NO," 135,000 ",19,college,Divorced,0,244.8,13,T,T,F,F,F,F,F,F,F,T,T
65225-ID,43.856,F,YES," 129,500 ",48,high school or below,Single,0,1120.3,11,F,F,F,T,F,F,F,F,F,F,F
65418-ID,38.6017,F,YES," 123,000 ",48,doctor,Married,0,5686.4,51,F,F,F,F,F,F,F,F,T,F,T
65425-ID,23.0249,F,YES," 71,500 ",25,bachelor,Married,0,4634.35,45,F,F,F,T,F,F,F,T,F,F,F
65493-ID,26.7732,M,YES," 99,500 ",43,doctor,Married,0,516.15,7,F,F,T,F,F,F,F,F,F,F,F
65853-ID,20.6815,M,YES," 87,500 ",33,high school or below,Single,2,20.65,1,T,F,F,T,F,F,F,F,F,F,F
66117-ID,25.4945,F,NO," 136,000 ",26,college,Married,2,321.4,16,F,F,F,F,F,T,F,F,F,T,F
66191-ID,37.5233,F,NO," 113,000 ",35,college,Single,0,1395.05,18,T,F,F,T,F,F,T,T,F,F,F
66267-ID,15.686,F,NO," 136,500 ",21,college,Married,4,273,4,T,T,F,T,F,F,F,T,T,T,T
66551-ID,43.8679,M,NO," 110,000 ",30,college,Divorced,0,75.1,1,F,F,F,T,F,F,F,F,F,T,F
66618-ID,30.501,F,NO," 76,500 ",50,doctor,Divorced,2,1430.25,16,T,T,F,F,T,T,F,F,F,F,F
66651-ID,25.6292,F,YES," 139,500 ",44,master,Married,5,1215.65,13,F,F,F,F,F,F,F,F,F,F,F
66711-ID,41.407,F,NO," 77,000 ",48,bachelor,Divorced,2,178.7,2,F,F,F,T,F,F,F,F,F,F,F
66886-ID,10.6842,M,YES," 125,500 ",41,high school or below,Married,2,1783.6,22,T,F,F,T,F,T,F,F,F,F,F
66940-ID,43.9612,F,NO," 110,500 ",35,master,Married,0,2494.65,24,F,F,T,F,F,F,F,F,T,T,T
66988-ID,17.9591,M,YES," 61,500 ",43,college,Married,6,4513.65,56,F,F,F,F,T,F,T,T,F,T,F
67063-ID,40.0147,F,YES," 116,500 ",46,bachelor,Divorced,2,367.55,19,F,T,T,F,F,F,F,F,T,T,T
67133-ID,36.6913,M,NO," 59,000 ",39,college,Single,0,990.85,18,F,F,F,F,T,F,T,F,T,F,T
67211-ID,16.8537,F,NO," 118,000 ",43,bachelor,Single,1,3646.8,37,F,F,F,F,F,F,F,F,F,F,F
67362-ID,25.3567,F,NO," 150,000 ",28,bachelor,Married,0,1889.5,34,F,T,F,F,F,F,F,F,F,F,T
67455-ID,18.198,F,YES," 96,500 ",40,bachelor,Single,3,237.2,4,F,T,F,F,F,F,F,T,F,F,F
67697-ID,12.9477,M,NO," 91,000 ",44,college,Married,2,865.1,10,F,F,F,T,F,F,T,F,F,F,F
67799-ID,16.9724,F,NO," 106,500 ",16,high school or below,Divorced,0,1238.45,12,T,F,F,F,F,F,T,F,F,T,T
67809-ID,10.3765,F,NO," 58,000 ",39,bachelor,Married,2,1957.1,27,F,F,T,F,F,F,T,F,F,F,F
68006-ID,11.4931,M,YES," 139,000 ",19,bachelor,Married,0,1188.2,43,F,T,F,F,F,F,F,F,F,F,F
68058-ID,49.8863,F,NO," 145,000 ",22,college,Married,2,7853.7,72,T,F,F,T,F,F,F,F,T,T,T
68104-ID,12.329,F,NO," 104,000 ",45,high school or below,Single,2,1442,29,F,F,F,F,T,F,T,T,F,T,F
68119-ID,15.1803,F,YES," 64,500 ",25,master,Divorced,0,1813.35,71,F,F,T,F,F,T,F,F,F,F,T
68156-ID,18.1151,F,NO," 131,500 ",40,doctor,Married,0,268.35,4,F,F,T,F,F,F,F,T,F,F,F
68193-ID,15.7157,F,YES," 148,000 ",24,high school or below,Married,5,1093.1,17,T,F,F,F,F,F,F,F,F,F,F
68438-ID,23.4241,F,YES," 108,500 ",46,master,Married,2,74.7,1,T,F,F,F,F,F,F,F,F,F,T
68489-ID,22.5684,F,YES," 124,500 ",18,high school or below,Married,5,20.25,1,F,F,F,F,F,F,T,F,F,T,F
68501-ID,15.3726,F,NO," 120,000 ",31,bachelor,Single,0,2278.75,37,T,T,T,F,F,F,F,F,F,T,F
69110-ID,11.8488,M,NO," 74,000 ",16,college,Married,2,8476.5,72,T,F,F,F,T,T,T,T,T,T,T
69122-ID,32.0161,M,YES," 146,500 ",34,bachelor,Married,0,981.45,13,F,F,F,T,F,T,F,F,F,F,F
69372-ID,11.5395,F,YES," 53,500 ",35,college,Married,6,4527.45,41,F,T,F,F,F,F,F,F,F,F,T
69380-ID,34.0379,F,NO," 108,000 ",40,bachelor,Married,7,2747.2,35,F,F,F,F,F,F,F,F,T,F,T
69401-ID,36.754,F,NO," 113,500 ",25,bachelor,Divorced,2,2830.45,29,T,F,F,F,F,T,F,F,T,F,T
69718-ID,43.3975,F,YES," 147,000 ",29,bachelor,Married,2,3548.3,46,F,F,T,F,F,F,F,F,T,F,T
69720-ID,13.7837,F,NO," 83,000 ",41,high school or below,Married,5,202.15,5,F,T,F,F,F,F,F,F,F,F,F
69754-ID,44.0797,M,YES," 129,500 ",24,college,Married,6,84.6,1,F,F,T,T,F,F,F,F,F,F,F
69774-ID,25.4476,M,YES," 79,500 ",45,bachelor,Divorced,5,1832.4,24,F,F,T,F,T,F,T,T,T,F,F
69802-ID,43.5423,F,YES," 55,000 ",33,doctor,Divorced,6,1815.3,34,F,F,F,F,T,F,F,T,F,F,F
69884-ID,18.91,M,YES," 109,000 ",30,doctor,Married,0,868.1,44,F,F,T,F,F,F,F,F,F,F,T
69934-ID,31.1787,F,YES," 106,500 ",41,college,Single,0,20.4,1,F,F,F,F,F,F,F,F,F,T,F
69965-ID,38.7874,M,NO," 111,500 ",21,bachelor,Single,0,2937.65,36,T,F,F,T,F,F,F,T,F,T,F
70014-ID,17.4934,M,NO," 143,500 ",25,bachelor,Single,1,1424.6,62,F,F,F,F,T,F,F,F,T,F,F
70018-ID,42.7998,F,YES," 129,000 ",39,master,Married,0,6126.15,65,T,F,F,T,F,F,T,T,T,T,T
70063-ID,28.3932,M,NO," 93,500 ",35,bachelor,Married,0,6562.9,72,F,F,F,F,F,F,F,F,T,F,F
70182-ID,11.3005,F,YES," 61,000 ",18,bachelor,Single,6,2917.5,35,F,F,F,F,T,F,T,F,F,F,F
70206-ID,15.322,M,YES," 90,000 ",33,high school or below,Divorced,2,1039.45,53,T,F,F,F,T,F,F,F,F,F,F
70336-ID,45.3326,F,YES," 61,000 ",20,high school or below,Married,6,1492.1,72,T,F,F,T,F,F,F,F,F,F,F
70359-ID,35.1138,F,YES," 72,000 ",46,college,Married,0,121.25,3,T,F,F,F,F,F,F,F,F,T,F
70428-ID,23.6085,F,NO," 108,000 ",42,bachelor,Married,7,680.05,8,F,F,T,T,T,F,F,T,T,F,F
70481-ID,31.7001,M,YES," 149,000 ",30,master,Married,0,5036.3,49,F,F,T,F,T,F,F,T,F,T,F
70664-ID,36.8276,M,NO," 113,000 ",47,high school or below,Married,2,518.9,12,F,F,F,F,F,F,F,F,F,F,F
70858-ID,20.9462,M,YES," 88,000 ",46,bachelor,Single,0,1266.4,51,T,T,F,F,T,F,F,F,F,T,T
70998-ID,36.509,M,YES," 136,500 ",43,high school or below,Married,4,233.9,11,F,F,F,T,F,T,T,F,F,T,F
71078-ID,10.8529,M,YES," 119,000 ",31,bachelor,Divorced,1,1373.05,18,F,F,F,F,F,F,F,F,F,F,F
71140-ID,22.0941,M,YES," 129,000 ",42,high school or below,Married,2,6350.5,72,F,F,F,F,F,F,F,T,F,F,F
71254-ID,17.1837,F,YES," 147,000 ",45,bachelor,Married,2,3549.25,34,F,T,F,F,F,F,T,F,F,F,F
71276-ID,36.3388,F,NO," 51,500 ",45,bachelor,Divorced,6,4523.25,70,F,F,F,F,T,F,T,T,F,F,F
71343-ID,48.2751,M,YES," 68,500 ",38,college,Married,6,170.9,8,F,F,F,F,T,F,T,T,F,F,F
71462-ID,40.9979,F,YES," 131,500 ",42,college,Married,0,1975.85,23,F,T,F,F,F,F,F,F,T,F,T
71600-ID,47.3234,M,NO," 62,000 ",33,high school or below,Divorced,6,86.6,1,T,F,F,F,T,T,T,T,T,T,F
71604-ID,18.1721,M,YES," 128,000 ",49,bachelor,Divorced,5,4619.55,51,F,F,F,T,F,F,F,T,F,T,F
71607-ID,23.4978,F,NO," 126,500 ",23,master,Married,2,2172.05,20,T,F,F,T,F,F,F,F,F,T,T
71652-ID,34.0689,M,YES," 66,500 ",29,college,Married,3,2651.1,33,F,F,F,T,T,F,T,T,F,F,F
71690-ID,13.6361,F,NO," 146,500 ",18,high school or below,Single,2,3906.7,49,T,F,T,F,F,F,F,T,F,T,F
71832-ID,35.8777,F,NO," 66,500 ",43,bachelor,Married,2,360.1,4,F,F,F,F,F,T,F,F,F,T,F
71887-ID,30.067,M,NO," 73,500 ",46,doctor,Married,7,6309.65,72,F,T,F,F,T,F,T,T,T,T,T
72200-ID,12.4526,F,NO," 72,000 ",48,bachelor,Married,0,7015.9,72,T,F,F,T,F,F,F,F,F,T,F
72248-ID,10.8367,M,YES," 87,000 ",28,college,Married,2,4811.6,72,F,F,F,F,F,F,F,F,F,F,F
72298-ID,41.0628,M,YES," 88,000 ",25,bachelor,Married,0,20.45,1,F,F,F,F,F,F,F,T,F,F,F
72299-ID,24.0273,F,YES," 129,000 ",24,high school or below,Single,0,3187.65,41,T,F,T,F,F,F,F,T,F,T,F
72454-ID,44.1263,F,YES," 129,500 ",27,master,Married,0,1305.95,18,F,F,F,F,F,F,F,T,T,F,T
72849-ID,20.7743,M,NO," 95,500 ",47,college,Single,1,8306.05,72,T,F,F,F,F,T,F,T,F,F,F
72900-ID,14.4639,M,NO," 93,500 ",17,master,Married,7,176.3,10,T,F,F,T,F,F,F,F,F,T,F
72901-ID,23.9797,F,NO," 66,000 ",39,college,Single,7,320.45,15,F,F,F,F,F,F,F,T,F,F,F
72902-ID,46.5449,F,YES," 126,500 ",16,college,Married,2,3450.15,57,F,F,T,T,F,F,F,F,T,F,T
72979-ID,21.3607,M,YES," 116,000 ",18,college,Married,2,415.1,23,F,F,T,F,F,F,T,F,F,F,T
72986-ID,25.9767,F,YES," 111,000 ",36,college,Married,0,7611.55,72,F,F,F,F,F,F,F,T,F,F,F
73004-ID,13.0578,M,YES," 119,000 ",18,high school or below,Married,1,4016.75,42,F,F,F,F,F,F,F,F,T,F,F
73259-ID,16.8793,F,NO," 123,500 ",42,high school or below,Single,0,341.6,5,T,F,F,F,F,T,F,F,F,F,F
73383-ID,13.9755,M,NO," 90,000 ",31,college,Divorced,2,191.05,4,F,F,F,F,F,T,F,F,F,F,F
73441-ID,21.3574,F,NO," 64,000 ",20,bachelor,Married,0,45.7,1,T,F,F,F,F,T,F,F,F,T,F
73480-ID,13.9759,M,NO," 67,500 ",41,master,Single,0,255.35,12,F,F,F,F,T,F,T,T,F,F,T
73594-ID,13.0883,F,NO," 60,500 ",41,college,Married,6,784.25,37,F,F,F,T,F,F,F,F,F,F,F
73630-ID,10.4506,F,NO," 99,000 ",25,high school or below,Married,0,3527.6,35,F,F,F,F,T,T,F,F,T,F,F
73651-ID,14.1309,M,YES," 58,500 ",22,high school or below,Married,3,470.2,23,T,T,F,F,F,F,F,F,F,F,F
73708-ID,43.3068,F,NO," 109,500 ",36,master,Married,0,6538.45,64,T,F,T,F,T,F,F,F,T,T,T
74314-ID,38.7031,F,NO," 87,500 ",31,college,Married,0,168.15,3,T,F,F,F,F,T,T,F,F,F,F
74423-ID,22.3177,F,YES," 100,000 ",18,college,Single,4,49.3,1,F,F,F,F,F,F,F,T,F,F,F
74463-ID,16.7073,F,YES," 127,000 ",36,high school or below,Married,4,80.55,2,F,F,T,F,T,F,T,F,F,F,F
74710-ID,16.3704,F,YES," 136,500 ",30,college,Married,4,1363.45,69,F,F,F,F,F,F,F,F,F,F,F
74876-ID,18.2937,M,YES," 85,500 ",45,doctor,Married,6,34.75,2,F,F,F,T,F,F,F,T,F,F,T
75118-ID,31.7774,F,YES," 111,000 ",49,master,Married,0,69.55,1,F,F,F,F,F,T,F,F,F,F,F
75130-ID,39.1493,F,YES," 52,500 ",33,bachelor,Single,6,1047.7,11,T,F,F,F,F,F,F,T,F,F,F
75274-ID,32.2881,M,NO," 102,000 ",23,college,Married,0,601.6,11,T,F,T,F,T,F,F,F,F,T,F
75663-ID,20.8372,F,YES," 117,000 ",29,doctor,Married,7,4874.7,55,F,T,F,F,F,T,F,F,F,F,F
75792-ID,31.2017,M,NO," 135,000 ",50,bachelor,Single,3,2379.1,40,F,F,F,F,F,F,F,F,T,F,F
75815-ID,19.1927,F,YES," 96,000 ",40,high school or below,Married,0,4859.25,66,F,F,F,F,F,F,T,F,T,F,T
75971-ID,16.0295,M,YES," 99,000 ",44,college,Married,7,5614.45,56,T,F,F,T,F,F,F,F,F,F,F
76095-ID,28.0024,M,YES," 55,000 ",46,college,Single,2,620.75,36,F,F,F,F,T,F,T,T,F,F,F
76145-ID,27.5548,F,NO," 149,000 ",27,doctor,Married,2,7895.15,69,F,T,F,F,F,T,F,F,F,F,F
76264-ID,15.99,M,NO," 148,500 ",16,college,Married,1,202.25,12,T,T,F,F,F,F,F,F,F,T,F
76567-ID,42.248,M,YES," 115,500 ",31,high school or below,Married,2,3848.8,68,T,F,F,F,T,F,F,F,F,T,F
76777-ID,43.748,F,NO," 134,500 ",28,high school or below,Single,0,8129.3,72,F,F,F,F,F,F,F,F,T,F,T
76944-ID,47.6155,F,YES," 119,500 ",34,master,Married,1,6823.4,64,F,F,F,F,F,F,F,T,T,F,T
77218-ID,38.2717,M,NO," 82,500 ",34,high school or below,Single,0,1652.95,27,T,F,F,F,T,F,T,T,T,T,F
77232-ID,28.7941,M,NO," 98,000 ",22,college,Single,2,8071.05,72,T,F,F,T,F,F,F,F,F,T,F
77335-ID,47.8128,F,NO," 149,000 ",40,master,Divorced,0,1022.95,52,F,F,T,F,F,F,F,F,T,F,T
77419-ID,29.7398,M,YES," 83,500 ",36,bachelor,Single,1,137.1,2,F,F,F,F,T,F,T,T,F,F,T
78030-ID,34.6469,F,NO," 110,500 ",38,college,Married,0,1545.4,22,F,F,F,F,F,T,F,F,T,F,T
78113-ID,14.3918,F,YES," 119,000 ",22,bachelor,Single,1,2878.55,58,T,F,F,F,T,F,F,F,T,F,F
78139-ID,48.5578,M,NO," 126,000 ",29,college,Married,2,1339.8,21,T,F,F,F,T,T,F,F,F,F,F
78302-ID,32.6841,M,YES," 102,500 ",33,high school or below,Married,0,1955.4,33,T,F,F,F,T,F,F,F,F,F,F
78357-ID,28.8482,F,NO," 143,000 ",40,high school or below,Single,1,496.9,7,F,F,F,T,F,F,T,F,F,F,F
78363-ID,49.4132,M,YES," 53,000 ",18,bachelor,Married,6,4564.9,46,T,F,F,F,T,F,T,T,T,F,F
78428-ID,12.3794,F,YES," 69,500 ",38,college,Married,6,4914.9,50,F,F,T,F,F,F,T,F,F,F,F
78598-ID,48.6573,M,NO," 140,500 ",30,college,Divorced,0,1064.65,10,F,F,F,F,F,F,F,F,T,F,T
78626-ID,33.0971,M,NO," 118,500 ",47,high school or below,Married,1,5608.4,56,F,T,F,F,F,F,T,F,F,F,F
78639-ID,32.0691,M,NO," 139,500 ",48,high school or below,Married,4,2135.5,27,F,F,F,F,F,F,F,F,F,T,F
78967-ID,36.166,M,YES," 72,500 ",25,bachelor,Married,0,319.15,4,F,F,F,F,T,F,T,T,F,F,F
79001-ID,38.5516,F,YES," 103,000 ",24,college,Married,0,5706.3,56,F,F,F,F,F,F,F,F,T,T,T
79039-ID,12.4456,M,NO," 127,000 ",46,bachelor,Married,2,1364.3,13,F,F,F,T,F,F,F,F,F,F,F
79303-ID,39.6497,M,NO," 85,000 ",19,high school or below,Single,6,356.1,5,T,F,F,T,F,F,F,F,F,T,F
79305-ID,18.6381,F,NO," 111,000 ",31,master,Single,2,759.55,8,F,F,F,F,F,T,F,F,T,F,F
79384-ID,22.4563,F,NO," 63,000 ",45,bachelor,Single,2,90.55,1,F,F,F,F,F,F,F,F,F,T,F
79446-ID,18.2451,M,YES," 85,000 ",17,college,Married,6,92.75,5,F,F,F,F,F,F,F,F,F,F,F
79535-ID,37.048,F,NO," 92,000 ",50,college,Married,0,161.5,2,F,F,F,F,F,T,F,F,F,F,F
79577-ID,41.2514,F,YES," 113,000 ",38,college,Married,5,3975.7,68,F,T,F,F,F,F,F,F,T,F,F
79632-ID,12.5362,M,NO," 65,000 ",43,high school or below,Single,0,955.15,15,F,F,F,F,T,F,T,T,F,F,F
79875-ID,10.0844,F,NO," 99,000 ",39,high school or below,Married,3,697.25,11,F,T,F,F,F,F,F,F,F,F,F
79890-ID,37.4335,F,NO," 90,500 ",50,bachelor,Married,2,238.1,3,F,F,F,T,F,F,F,F,F,T,F
80137-ID,12.847,F,NO," 111,000 ",33,high school or below,Single,6,1270.25,52,F,F,F,F,F,F,F,F,F,F,F
80198-ID,34.267,F,NO," 141,500 ",47,doctor,Single,1,20.2,1,F,F,F,F,F,F,F,T,T,F,T
80297-ID,37.2746,F,NO," 97,500 ",21,bachelor,Married,2,1174.8,46,T,F,F,F,F,F,F,F,F,T,F
80306-ID,31.9965,F,NO," 76,000 ",27,college,Married,2,5453.4,60,F,F,F,T,F,T,T,T,T,F,F
80438-ID,15.8347,M,NO," 98,000 ",38,bachelor,Married,2,85.1,5,F,F,F,F,F,F,F,F,T,F,T
80578-ID,30.6867,F,YES," 54,000 ",40,college,Single,0,91.1,2,F,F,F,F,F,F,F,T,F,F,T
80617-ID,10.2011,F,YES," 140,000 ",43,college,Single,1,5515.45,56,F,F,T,F,F,F,F,F,F,T,F
80728-ID,21.2648,F,YES," 58,500 ",28,bachelor,Married,7,2066,39,F,T,F,F,T,T,T,F,F,F,T
80869-ID,10.0454,F,YES," 147,000 ",29,high school or below,Married,2,4861.45,63,F,F,F,F,F,T,F,F,T,F,F
80954-ID,13.9726,M,NO," 74,000 ",45,high school or below,Single,0,6510.45,72,F,F,F,T,T,F,T,T,F,F,F
81034-ID,20.9511,M,YES," 64,000 ",28,college,Married,0,2723.75,32,F,T,F,F,T,T,T,T,F,F,F
81487-ID,20.0766,M,NO," 92,500 ",25,bachelor,Single,2,2499.3,43,F,F,F,T,F,F,T,T,F,F,F
81616-ID,43.8689,F,YES," 63,500 ",21,bachelor,Single,0,60.65,3,T,F,F,F,T,T,F,F,F,F,T
81690-ID,37.3617,F,NO," 119,500 ",36,college,Married,1,574.35,7,F,F,F,F,F,F,F,F,T,F,T
81745-ID,15.9576,F,YES," 62,000 ",49,bachelor,Married,6,19.75,1,F,F,T,T,F,F,F,F,F,F,F
81825-ID,25.0713,F,NO," 61,500 ",21,college,Single,6,225.55,10,T,F,F,T,F,F,F,F,F,T,F
81836-ID,32.9521,M,NO," 59,000 ",48,high school or below,Married,0,49.5,1,F,F,T,F,F,F,T,F,F,T,F
81851-ID,13.9837,F,NO," 88,000 ",19,master,Married,2,270.7,3,T,F,F,T,F,F,F,F,F,T,T
81971-ID,19.3672,M,NO," 141,000 ",17,college,Single,0,7303.05,72,T,F,F,T,T,F,F,F,F,T,F
82096-ID,44.5391,M,NO," 52,500 ",23,master,Divorced,6,1622.45,17,T,F,F,F,T,F,T,T,F,T,T
82173-ID,15.7511,F,NO," 139,000 ",22,master,Single,7,1778.5,23,T,F,F,F,F,T,F,T,F,T,F
82419-ID,19.7255,F,YES," 131,000 ",31,high school or below,Married,0,2545.75,31,F,T,F,F,T,F,F,T,F,F,F
82558-ID,10.1074,F,YES," 137,500 ",22,high school or below,Married,4,7930.55,70,F,T,T,F,F,F,F,T,T,F,F
82753-ID,37.5762,F,YES," 116,000 ",42,bachelor,Single,2,2524.45,34,T,T,F,T,F,F,F,F,T,F,T
82796-ID,18.5934,F,YES," 89,000 ",17,college,Married,2,4188.4,40,F,F,F,F,F,T,F,F,F,F,F
82801-ID,42.5439,M,NO," 100,500 ",28,college,Married,5,2708.2,38,F,F,F,F,T,F,T,F,T,F,F
82901-ID,39.8343,F,NO," 113,000 ",33,master,Married,0,720.05,36,F,F,F,F,F,F,F,F,T,F,T
83003-ID,49.2498,F,YES," 85,500 ",47,college,Married,6,204.55,9,F,F,T,F,F,F,F,F,F,F,F
83071-ID,29.8536,M,YES," 90,500 ",31,bachelor,Single,2,3597.5,45,F,F,F,F,F,F,F,T,F,F,T
83102-ID,48.0077,M,YES," 73,000 ",47,master,Married,2,457.3,26,F,F,F,F,T,F,T,T,F,T,F
83127-ID,41.2905,M,NO," 105,500 ",21,master,Divorced,2,851.8,11,T,F,F,F,F,F,F,F,F,T,F
83338-ID,26.2061,M,NO," 92,500 ",41,college,Divorced,0,4911.35,68,F,F,F,F,F,T,F,F,F,F,F
83340-ID,27.1358,F,YES," 62,500 ",44,bachelor,Married,0,413,20,F,F,T,F,F,F,F,T,T,F,F
83439-ID,33.4975,F,YES," 121,500 ",43,master,Single,2,1328.15,63,F,F,F,F,F,T,F,F,T,T,T
83500-ID,49.2505,M,YES," 141,500 ",21,college,Married,1,113.85,5,F,F,F,F,T,T,F,F,F,T,T
83523-ID,45.8037,M,NO," 87,000 ",40,master,Married,5,4018.05,47,F,F,F,F,F,F,F,F,F,F,F
83536-ID,31.9368,F,NO," 58,000 ",22,high school or below,Single,6,819.4,8,F,F,T,F,F,F,F,T,F,T,F
83650-ID,33.5584,F,YES," 135,000 ",22,bachelor,Married,0,1023.85,20,F,F,F,F,F,F,F,F,F,T,F
83883-ID,23.034,F,YES," 89,000 ",47,bachelor,Married,2,1203.95,48,F,F,F,F,F,F,F,F,T,F,T
84033-ID,43.42,F,YES," 83,000 ",31,bachelor,Married,0,855.1,48,F,T,F,F,T,F,F,F,T,F,F
84042-ID,18.1849,M,NO," 71,000 ",27,high school or below,Single,0,1665.2,33,F,T,F,F,T,T,T,T,F,F,F
84092-ID,34.8497,F,NO," 110,000 ",48,college,Married,2,2369.3,30,T,F,T,T,F,F,T,F,T,T,T
84148-ID,49.1791,F,NO," 104,500 ",22,bachelor,Single,2,2852.4,30,T,F,F,F,F,F,F,T,T,T,T
84180-ID,10.4233,M,YES," 64,000 ",47,high school or below,Married,4,365.8,17,F,F,F,F,T,F,T,T,F,F,F
84497-ID,38.2919,F,YES," 115,000 ",31,master,Married,2,2149.05,29,F,F,F,F,F,T,F,F,T,F,T
84605-ID,17.8494,F,YES," 86,500 ",48,college,Married,6,208.45,4,T,F,F,F,F,F,F,F,F,F,F
84756-ID,29.1981,M,YES," 141,500 ",32,college,Married,1,4748.7,71,F,F,F,F,F,F,F,F,F,T,T
84799-ID,31.3192,M,YES," 88,000 ",21,bachelor,Married,0,91.1,2,F,T,F,F,F,T,F,F,F,F,F
84902-ID,44.9991,M,YES," 148,000 ",50,bachelor,Married,2,6766.95,71,F,F,F,F,F,F,T,F,F,F,F
84903-ID,32.8053,F,NO," 148,000 ",17,bachelor,Married,2,181.65,2,T,F,T,F,F,F,T,F,F,T,F
84937-ID,24.8076,F,NO," 127,500 ",43,high school or below,Married,2,193.05,10,T,F,F,F,F,F,F,T,F,F,F
85081-ID,38.2586,F,YES," 104,500 ",29,college,Divorced,4,1546.3,28,T,F,F,F,F,F,F,T,T,F,T
85182-ID,11.92,M,NO," 138,000 ",22,high school or below,Married,4,655.5,7,T,T,T,F,F,F,F,F,F,T,F
85259-ID,40.9303,F,YES," 55,000 ",22,bachelor,Married,0,185.55,2,T,F,F,F,F,F,T,T,F,F,F
85348-ID,40.2677,F,YES," 62,000 ",24,college,Single,6,1886.4,39,F,F,F,F,F,T,F,F,F,F,F
85472-ID,14.5031,F,YES," 104,000 ",48,college,Single,1,6989.45,67,F,F,F,T,F,F,F,F,F,T,T
85475-ID,37.0037,M,YES," 122,500 ",47,bachelor,Divorced,1,2231.05,24,T,F,F,F,F,F,F,F,T,F,F
85585-ID,36.426,F,YES," 131,500 ",46,bachelor,Married,0,540.05,29,F,F,T,F,F,F,F,F,T,F,T
85699-ID,18.1688,F,YES," 135,000 ",29,master,Married,2,2453.3,33,F,F,F,F,F,F,F,F,F,T,F
85771-ID,10.0455,F,NO," 78,500 ",36,doctor,Married,2,1058.25,10,F,F,F,F,F,T,F,F,T,F,T
85860-ID,30.4116,F,YES," 92,000 ",17,master,Single,0,1732.6,24,F,T,F,T,F,T,F,F,F,F,T
86044-ID,30.5434,M,NO," 69,500 ",30,high school or below,Single,0,4965.1,63,F,F,T,F,T,F,T,T,T,F,F
86217-ID,19.5378,M,YES," 71,500 ",43,college,Single,0,1269.1,66,F,F,F,F,T,F,T,T,F,F,F
86331-ID,45.4521,M,NO," 51,500 ",29,college,Married,6,7159.7,71,F,F,F,F,T,F,T,T,F,T,T
86350-ID,12.184,F,NO," 91,000 ",49,college,Married,2,475.25,17,F,F,T,F,F,F,T,F,F,F,F
86612-ID,29.7839,M,YES," 124,500 ",27,college,Married,2,3437.5,35,F,T,F,F,F,F,F,F,F,F,F
86681-ID,15.0004,F,NO," 67,500 ",50,high school or below,Married,2,73.55,1,F,F,F,F,F,F,F,F,F,F,F
86759-ID,48.4566,F,NO," 74,000 ",34,bachelor,Divorced,0,6782.15,72,F,F,F,F,T,F,F,F,F,F,F
86983-ID,43.3446,F,NO," 101,000 ",17,college,Married,5,8220.4,72,T,T,F,F,F,T,F,F,T,T,T
87066-ID,10.8645,M,YES," 127,000 ",23,high school or below,Married,2,4925.35,57,F,F,F,T,F,F,F,F,F,T,F
87101-ID,23.0974,M,NO," 75,000 ",23,bachelor,Divorced,2,7589.8,72,T,F,F,F,F,T,T,F,F,T,T
87151-ID,44.1181,F,NO," 107,000 ",30,high school or below,Single,1,139.4,2,F,F,F,T,F,T,T,F,T,T,T
87250-ID,39.0228,F,YES," 58,500 ",43,college,Married,0,392.5,5,F,T,F,F,F,F,F,F,F,F,F
87270-ID,31.4868,M,NO," 106,500 ",29,high school or below,Married,0,1397.65,70,F,F,F,T,T,T,F,F,T,F,F
87450-ID,48.2053,F,YES," 89,500 ",38,master,Married,2,7246.15,65,F,F,F,F,F,F,T,F,F,T,F
87482-ID,40.101,F,YES," 71,000 ",38,high school or below,Married,0,504.2,26,T,F,F,F,F,T,T,F,T,F,F
87703-ID,27.7087,M,NO," 136,000 ",20,college,Single,6,1181.75,14,T,F,F,F,F,T,F,F,F,T,T
87793-ID,46.8845,F,NO," 108,500 ",40,doctor,Married,1,1315.35,24,F,F,F,F,F,F,T,F,T,T,T
87953-ID,16.2099,M,YES," 112,500 ",22,bachelor,Married,0,5070.4,49,F,F,F,F,F,T,T,F,F,T,F
87975-ID,27.82,F,NO," 89,500 ",26,bachelor,Married,2,493.4,22,F,F,F,T,F,F,F,F,F,T,F
88019-ID,47.3606,M,YES," 116,500 ",41,college,Married,2,2309.55,27,T,F,F,F,F,F,F,F,F,F,F
88176-ID,34.5366,F,YES," 141,500 ",31,doctor,Single,1,19.45,1,F,F,T,T,F,F,T,F,T,F,T
88260-ID,29.7785,F,NO," 60,000 ",34,college,Married,6,1612.75,18,F,F,F,T,T,F,F,F,F,F,F
88359-ID,23.0214,F,YES," 95,500 ",21,college,Divorced,2,6094.25,72,T,T,F,F,F,F,F,F,F,F,T
88549-ID,37.5927,M,NO," 113,000 ",20,bachelor,Married,0,1182.55,61,T,F,T,F,F,F,T,F,F,T,F
88596-ID,34.1082,F,NO," 142,000 ",38,bachelor,Married,1,1057,48,F,F,T,T,F,F,F,F,T,F,T
88812-ID,28.8761,F,NO," 52,500 ",34,college,Married,6,5680.9,51,F,F,F,F,F,F,F,T,F,F,F
88886-ID,18.932,M,YES," 76,500 ",25,high school or below,Married,2,318.1,5,F,F,F,F,T,F,F,F,F,F,F
88972-ID,31.8546,M,NO," 96,000 ",22,high school or below,Single,0,47.7,2,T,F,F,F,F,F,F,F,T,T,F
89041-ID,25.085,M,NO," 79,500 ",25,college,Divorced,2,5023,68,F,F,F,F,T,F,T,T,F,F,F
89106-ID,46.662,F,YES," 144,500 ",32,college,Married,6,887.35,10,F,T,F,F,F,T,F,F,T,F,T
89209-ID,24.1621,M,YES," 127,000 ",19,bachelor,Married,6,5032.25,45,F,F,F,F,F,F,F,F,T,F,F
89233-ID,37.6838,F,YES," 142,000 ",17,bachelor,Married,1,927.1,46,F,T,F,F,F,F,F,F,F,F,F
89250-ID,43.6042,F,NO," 139,500 ",29,college,Married,7,19.75,1,F,T,F,F,F,T,F,F,T,F,T
89302-ID,20.4889,F,YES," 60,000 ",39,high school or below,Single,6,3204.65,32,F,F,F,F,F,F,F,F,F,T,F
89406-ID,13.2185,F,YES," 82,500 ",37,college,Married,0,1253.8,66,T,F,F,F,F,F,F,T,F,F,F
89425-ID,28.8615,M,NO," 101,500 ",17,doctor,Divorced,0,19.55,1,T,F,F,F,T,F,F,T,F,T,F
89460-ID,33.4191,M,YES," 76,500 ",16,master,Divorced,2,644.35,7,T,F,F,F,T,F,T,T,F,F,T
89484-ID,40.6552,M,NO," 143,000 ",47,master,Divorced,1,79.35,1,F,F,F,F,T,F,F,T,F,F,F
89485-ID,18.3222,M,YES," 126,500 ",28,master,Divorced,2,1732.95,71,F,F,F,F,F,T,T,F,F,F,F
89559-ID,24.3813,F,NO," 77,000 ",16,college,Married,2,2317.1,21,T,T,F,F,F,T,F,F,F,T,F
89649-ID,26.9621,F,NO," 141,000 ",24,college,Single,1,1363.25,72,T,F,F,F,F,F,F,F,F,T,T
89872-ID,15.6822,F,YES," 95,500 ",40,college,Married,2,3608,32,F,F,F,F,F,F,F,T,F,F,F
89958-ID,34.4239,F,YES," 97,000 ",27,master,Single,1,713.75,12,F,F,F,T,F,T,T,F,F,T,T
90147-ID,18.8338,M,YES," 139,000 ",30,college,Married,4,563.65,8,F,F,F,T,F,F,F,F,F,F,F
90165-ID,10.855,F,YES," 53,500 ",24,high school or below,Divorced,6,4590.35,59,F,F,F,F,T,F,F,F,F,F,F
90264-ID,10.4971,M,NO," 121,500 ",18,high school or below,Married,0,3565.65,36,T,F,F,F,F,F,F,F,F,T,F
90360-ID,15.1372,F,NO," 80,000 ",47,master,Married,0,89.5,2,F,F,F,F,F,T,T,T,F,F,F
90462-ID,10.0726,M,NO," 51,500 ",36,high school or below,Divorced,6,2839.95,41,F,T,F,F,T,F,T,T,T,F,F
90562-ID,29.0087,M,YES," 121,500 ",24,college,Married,2,4508.65,66,F,F,F,F,T,T,F,F,F,T,F
90730-ID,29.5005,M,NO," 73,000 ",36,college,Single,0,50.8,1,F,F,T,F,T,F,T,T,F,F,F
90861-ID,38.2559,F,YES," 93,000 ",29,high school or below,Married,0,3109.9,31,T,T,F,F,F,F,F,F,F,F,T
90911-ID,30.5207,F,NO," 85,500 ",16,college,Single,6,141.5,3,T,T,F,F,F,F,T,F,F,F,F
90933-ID,26.2117,M,YES," 149,500 ",31,high school or below,Divorced,3,587.45,13,F,F,F,F,F,F,F,F,F,F,F
91019-ID,48.4029,M,YES," 120,500 ",29,master,Single,7,1303.5,70,F,F,F,F,F,F,F,F,T,F,F
91055-ID,24.7818,F,YES," 76,000 ",23,college,Divorced,2,5610.7,50,F,F,T,T,F,F,F,F,F,F,F
91074-ID,46.5642,F,NO," 58,000 ",19,high school or below,Single,5,729.95,8,F,F,F,F,T,F,T,F,F,F,F
91117-ID,33.6103,M,NO," 89,000 ",21,high school or below,Single,2,195.65,3,T,F,F,F,F,F,F,F,F,T,F
91545-ID,12.3519,M,YES," 114,000 ",45,college,Married,2,75.3,1,F,F,F,T,F,F,F,F,F,F,F
91609-ID,18.8133,M,YES," 55,000 ",24,master,Single,2,3706.95,40,F,F,F,F,F,F,F,F,F,F,F
91913-ID,42.8928,M,NO," 66,000 ",45,college,Married,2,5645.8,54,F,F,T,F,F,F,F,T,F,F,F
91928-ID,12.3639,F,NO," 71,500 ",19,college,Single,0,5598,57,T,F,T,F,F,T,F,F,T,T,T
91972-ID,49.1579,F,NO," 133,500 ",18,bachelor,Married,7,20.75,1,T,F,F,F,F,F,T,F,T,T,T
91986-ID,35.1619,F,YES," 99,000 ",26,college,Single,0,597.9,9,F,T,F,F,T,F,F,F,F,F,F
92125-ID,15.7945,F,NO," 114,000 ",17,college,Married,2,1845.9,22,F,F,F,F,T,F,F,F,F,F,F
92209-ID,30.904,F,YES," 113,500 ",17,master,Divorced,2,2838.55,55,F,T,F,T,F,T,F,F,F,F,F
92227-ID,42.5332,F,NO," 113,000 ",29,master,Divorced,2,8468.2,72,T,F,F,F,T,F,F,F,T,F,T
92675-ID,44.5153,F,NO," 90,500 ",47,college,Divorced,2,697.65,37,F,T,F,F,F,F,F,F,F,F,F
92868-ID,48.3546,M,NO," 125,000 ",40,bachelor,Divorced,2,2021.2,35,F,F,F,F,T,F,T,F,T,F,F
92883-ID,18.8207,F,NO," 122,500 ",27,college,Married,6,4350.1,54,T,F,F,F,F,F,F,F,F,F,F
93037-ID,19.1763,F,NO," 147,500 ",41,college,Married,7,45.25,1,F,F,F,F,T,F,F,F,T,T,F
93162-ID,46.8411,M,NO," 102,500 ",25,college,Married,2,7379.8,68,F,F,T,F,F,F,F,F,F,T,T
93304-ID,42.4567,M,NO," 141,000 ",34,bachelor,Married,2,7611.85,68,F,F,F,F,F,F,T,F,F,F,T
93353-ID,36.8045,F,NO," 112,500 ",40,master,Single,3,6049.5,54,F,F,F,T,T,T,F,F,T,F,T
93393-ID,35.4566,M,NO," 135,500 ",37,college,Married,2,503.6,7,T,T,F,F,F,F,F,T,F,F,F
93401-ID,45.7963,F,YES," 148,500 ",25,doctor,Divorced,2,3505.1,58,F,F,F,F,F,F,F,F,T,T,T
93467-ID,11.6818,F,NO," 126,000 ",27,high school or below,Married,5,401.1,5,F,F,F,F,F,F,F,F,F,F,F
93469-ID,32.7656,M,NO," 124,000 ",16,high school or below,Married,0,3141.7,38,T,F,T,T,T,T,T,F,F,T,F
93527-ID,33.361,M,YES," 148,500 ",38,high school or below,Single,2,4749.15,47,F,F,F,F,F,F,F,T,T,F,F
93669-ID,27.7032,F,NO," 108,000 ",37,college,Married,2,225.75,11,F,F,F,F,T,F,F,F,T,F,T
93891-ID,36.5954,F,NO," 69,500 ",20,bachelor,Married,5,923.5,9,T,F,F,F,F,F,F,F,F,T,F
93920-ID,22.5392,M,YES," 80,500 ",18,master,Divorced,5,237.3,11,F,T,F,F,T,F,T,T,T,F,F
93963-ID,49.1922,M,YES," 125,500 ",21,doctor,Married,0,3687.75,68,F,T,F,F,F,F,F,F,F,F,F
93974-ID,46.5105,M,NO," 66,000 ",33,college,Single,2,77.6,4,F,T,T,F,T,F,F,F,F,F,F
94004-ID,43.8679,M,NO," 140,000 ",37,college,Divorced,7,62.9,4,F,F,F,F,F,T,T,T,F,F,F
94015-ID,48.1999,F,NO," 102,500 ",24,master,Married,2,1021.75,12,T,F,F,F,F,F,F,F,T,T,T
94105-ID,10.3719,M,YES," 120,500 ",44,college,Married,0,168.2,2,F,T,T,F,F,F,F,F,F,F,F
94108-ID,21.3634,M,NO," 92,500 ",42,bachelor,Single,0,1620.2,68,F,F,T,T,F,F,F,F,T,F,F
94231-ID,27.2609,M,YES," 58,000 ",28,college,Single,4,2070.6,26,F,F,F,F,F,T,T,F,F,F,T
94341-ID,22.4622,M,NO," 81,500 ",17,high school or below,Married,0,1292.6,65,F,F,F,F,T,F,T,T,T,F,F
94467-ID,18.9589,M,YES," 83,000 ",49,doctor,Divorced,0,7882.25,72,F,F,T,F,T,F,T,T,F,T,F
94531-ID,32.7653,M,YES," 139,000 ",41,bachelor,Married,4,70.45,1,F,T,F,F,F,T,T,F,F,F,F
94685-ID,31.7561,M,YES," 128,000 ",29,high school or below,Single,7,48.55,1,F,T,F,T,F,F,F,F,F,F,F
94754-ID,45.0857,F,NO," 148,500 ",41,master,Divorced,0,1530.6,30,F,F,T,F,T,T,F,F,T,T,T
94790-ID,39.7012,M,NO," 99,000 ",31,college,Married,2,3204.4,28,F,F,F,F,F,T,F,F,F,T,F
94864-ID,43.4745,F,NO," 71,000 ",47,college,Married,0,20.05,1,F,F,F,F,F,F,F,F,T,F,F
95026-ID,13.4226,F,YES," 67,000 ",29,master,Married,2,952.3,13,F,F,F,T,F,F,F,F,F,T,T
95141-ID,45.3427,F,YES," 104,500 ",37,college,Single,5,4131.95,40,T,F,F,F,F,F,F,F,T,F,T
95354-ID,35.3973,M,NO," 66,500 ",35,high school or below,Single,0,308.05,4,F,T,T,F,T,T,T,T,F,T,F
95443-ID,47.9239,M,YES," 145,000 ",42,college,Married,4,957.1,18,T,F,F,F,F,F,F,F,T,F,F
95479-ID,45.7417,M,NO," 113,500 ",32,bachelor,Married,2,515.45,7,F,F,F,F,T,T,F,F,T,F,T
95488-ID,11.9753,F,NO," 90,500 ",26,bachelor,Single,2,20.05,1,T,F,F,T,F,F,F,F,F,F,F
95604-ID,23.5058,M,NO," 58,000 ",44,bachelor,Single,0,6668.35,60,F,F,F,F,T,T,T,T,T,T,F
95655-ID,25.5805,F,NO," 67,500 ",42,college,Married,2,1505.9,60,F,F,T,F,T,F,T,F,F,T,F
95887-ID,43.1964,M,NO," 62,500 ",27,high school or below,Married,4,7532.15,71,F,F,T,F,T,T,T,T,F,F,F
95896-ID,37.2821,M,YES," 145,500 ",21,high school or below,Divorced,2,633.3,8,F,F,F,F,F,F,F,F,T,F,F
95915-ID,17.3132,M,NO," 59,000 ",35,college,Single,0,696.35,12,F,F,F,F,T,T,T,T,F,F,F
95921-ID,34.8576,F,YES," 116,500 ",43,master,Single,2,5965.95,66,T,F,F,F,F,F,F,F,T,F,T
96076-ID,24.4413,F,YES," 114,500 ",36,bachelor,Married,2,1195.75,16,F,F,F,F,T,F,F,F,F,T,T
96078-ID,10.4612,M,NO," 82,500 ",37,bachelor,Married,0,5600.15,70,T,F,F,F,T,F,T,T,F,F,T
96173-ID,26.3483,F,NO," 69,000 ",31,bachelor,Married,3,5398.6,67,F,F,T,F,F,F,F,F,F,F,F
96289-ID,16.1359,M,NO," 69,500 ",47,college,Married,0,1120.95,12,T,F,F,F,T,F,T,T,F,F,F
96333-ID,27.5586,M,NO," 148,000 ",26,college,Married,0,1874.45,27,F,F,F,F,T,F,F,F,F,F,F
96371-ID,40.2238,M,YES," 105,500 ",37,master,Married,2,167.5,2,F,F,F,T,F,F,F,F,F,F,F
96474-ID,44.5139,F,YES," 124,500 ",40,bachelor,Married,5,73.6,1,F,F,F,F,F,F,F,F,F,F,F
96512-ID,37.8721,F,NO," 102,500 ",43,college,Married,0,174.45,2,T,F,F,F,F,F,F,T,T,F,T
96561-ID,30.3759,M,NO," 85,000 ",29,high school or below,Married,6,2758.15,30,F,F,F,F,F,F,F,F,F,F,F
96584-ID,17.3355,M,YES," 133,000 ",39,bachelor,Married,0,2684.85,33,T,F,T,F,F,F,F,F,F,F,F
96694-ID,28.2755,M,NO," 81,500 ",28,college,Married,7,20.8,1,F,F,F,F,T,T,T,T,T,T,F
96881-ID,14.6112,M,YES," 59,500 ",39,college,Married,0,160.85,3,F,F,F,F,T,T,T,T,T,F,F
96982-ID,15.4964,M,YES," 76,500 ",49,bachelor,Single,2,4889.3,47,T,F,F,F,T,F,T,T,F,F,F
97148-ID,49.3472,F,NO," 117,500 ",34,college,Married,1,3339.05,41,F,F,T,F,T,F,F,T,T,F,T
97267-ID,33.0618,F,YES," 51,000 ",19,bachelor,Single,6,580.1,7,F,F,F,F,F,F,F,F,F,T,T
97287-ID,35.3706,M,NO," 69,000 ",49,master,Married,5,918.6,9,F,F,F,F,T,F,T,T,T,T,F
97328-ID,24.0255,F,YES," 71,500 ",24,high school or below,Divorced,0,1582.75,15,F,F,F,T,T,F,F,F,F,F,F
97377-ID,28.263,F,NO," 63,500 ",24,bachelor,Single,1,112.3,7,F,F,F,F,F,F,F,T,F,F,F
97512-ID,17.4561,F,NO," 64,000 ",32,bachelor,Married,0,832.35,8,F,T,T,F,F,F,F,F,F,F,F
97761-ID,32.3184,F,YES," 129,000 ",38,bachelor,Married,2,284.35,16,T,F,F,F,T,F,F,F,T,T,T
97967-ID,11.5144,F,NO," 138,000 ",48,high school or below,Married,4,6416.7,65,F,F,T,F,F,F,F,F,F,T,F
98023-ID,26.3646,F,YES," 101,000 ",20,high school or below,Single,5,1153.25,55,F,F,F,F,F,F,T,F,F,T,F
98181-ID,16.351,F,YES," 109,500 ",24,bachelor,Divorced,2,385.9,4,F,F,T,T,F,F,F,F,F,F,T
98204-ID,18.4421,M,YES," 63,500 ",18,college,Married,0,5550.1,71,F,F,F,T,T,F,T,T,F,F,F
98352-ID,46.0629,F,NO," 66,500 ",36,high school or below,Married,2,1304.8,72,F,F,F,F,F,T,T,F,F,T,F
98383-ID,33.8642,M,NO," 122,500 ",32,college,Single,0,3236.35,35,F,F,F,F,T,T,T,F,F,F,T
98409-ID,32.6006,F,NO," 124,500 ",35,master,Married,0,1509.8,23,F,F,F,F,F,F,F,F,T,F,T
98626-ID,27.505,F,YES," 124,000 ",42,college,Divorced,0,2303.35,32,F,F,F,T,T,F,F,F,F,T,T
98635-ID,33.9481,F,YES," 133,500 ",22,master,Single,0,1033.95,13,F,T,F,F,F,F,F,F,T,F,T
98696-ID,31.1958,M,YES," 69,000 ",39,college,Single,2,234.85,4,F,F,F,F,F,F,F,F,T,F,T
98809-ID,45.5905,F,NO," 103,500 ",19,college,Single,2,3480,34,T,F,F,F,F,F,T,T,T,T,T
98836-ID,38.6026,F,YES," 124,500 ",29,college,Single,4,3015.75,40,F,F,F,F,T,F,F,F,T,T,T
99025-ID,29.0798,M,YES," 137,000 ",42,high school or below,Married,4,3958.25,53,F,T,F,F,F,F,F,F,F,F,F
99046-ID,23.6457,M,NO," 146,000 ",49,college,Married,2,1426.4,15,F,F,T,F,F,F,F,T,F,F,F
99164-ID,30.6965,M,NO," 108,000 ",26,college,Married,0,1671.6,20,F,F,T,T,F,F,F,F,F,F,T
99292-ID,39.899,F,NO," 99,000 ",23,doctor,Married,2,3365.4,35,T,T,T,F,F,F,F,F,F,T,F
99347-ID,34.6651,F,YES," 115,500 ",44,college,Single,2,2861.45,32,F,T,F,T,T,F,F,F,T,F,T
99387-ID,10.6184,F,NO," 82,500 ",49,high school or below,Married,2,1842.8,20,F,T,F,F,F,T,F,F,F,F,T
99410-ID,41.1357,F,NO," 65,000 ",40,bachelor,Divorced,0,1253.15,22,F,F,F,T,F,F,F,F,F,F,F
99457-ID,38.2007,F,NO," 58,500 ",16,college,Single,0,3861.45,45,T,T,F,F,T,F,F,F,F,T,F
99575-ID,19.2134,M,YES," 140,500 ",38,high school or below,Single,0,2868.15,37,F,F,F,F,F,F,T,F,F,T,F
99578-ID,15.7681,M,NO," 121,500 ",27,doctor,Married,2,6223.8,71,F,F,T,F,F,T,F,F,F,F,T
99624-ID,20.9334,F,NO," 122,000 ",36,bachelor,Married,2,4759.85,43,T,F,T,F,F,F,F,F,T,F,F
99849-ID,37.0252,F,YES," 57,000 ",17,doctor,Divorced,0,1697.7,66,T,F,F,T,F,F,F,F,F,F,F
100047-ID,24.1955,F,NO," 135,000 ",23,high school or below,Divorced,2,3173.35,43,T,F,F,F,T,F,F,F,F,T,F
100255-ID,22.6799,M,NO," 115,500 ",30,bachelor,Single,2,19.9,1,F,F,F,F,F,F,F,F,T,F,F
100256-ID,11.9099,M,NO," 64,000 ",33,high school or below,Divorced,2,551.95,8,F,F,F,F,T,F,T,T,T,F,F
100328-ID,30.4099,M,YES," 53,500 ",36,doctor,Single,0,21.1,1,F,T,F,F,T,F,T,T,F,T,F
100393-ID,28.7753,M,NO," 136,000 ",22,bachelor,Married,0,3539.25,43,T,F,F,F,T,F,F,F,F,T,T
100553-ID,24.1456,M,NO," 107,500 ",34,college,Married,5,74.35,1,T,F,T,F,T,F,F,F,T,F,F
100754-ID,11.3294,F,NO," 85,500 ",16,bachelor,Married,6,1710.9,72,T,F,F,F,T,F,T,F,F,T,F
100918-ID,18.49,M,YES," 69,500 ",27,bachelor,Married,6,27.55,2,F,F,F,F,T,T,T,T,F,F,F
101031-ID,47.5206,M,YES," 75,500 ",16,college,Single,2,2854.95,36,F,F,F,F,T,F,T,T,F,F,F
101100-ID,18.9591,M,YES," 83,000 ",42,college,Single,2,8196.4,72,F,F,F,F,T,F,T,T,T,F,F
101414-ID,26.828,F,NO," 95,000 ",38,high school or below,Single,0,663.05,9,F,F,F,F,F,F,F,F,T,F,F
101544-ID,38.5665,M,NO," 125,500 ",47,bachelor,Married,6,606.55,8,T,F,F,F,F,T,T,F,F,F,F
101699-ID,15.1186,M,YES," 139,000 ",35,master,Married,0,1170.55,57,F,F,F,T,F,T,T,F,F,F,F
101722-ID,15.7228,M,NO," 147,000 ",31,bachelor,Married,2,7251.7,72,F,T,F,F,F,F,T,F,F,T,F
101784-ID,33.0381,M,NO," 101,000 ",39,bachelor,Married,5,2596.15,32,F,F,F,F,T,T,F,F,F,F,F
102206-ID,27.6682,F,NO," 108,500 ",41,bachelor,Married,0,55,1,T,F,F,F,T,F,F,F,F,F,F
102215-ID,13.1647,M,YES," 72,000 ",47,college,Married,0,104.3,5,F,F,F,F,T,F,T,T,F,F,F
102348-ID,14.9206,M,YES," 121,500 ",36,college,Married,2,1830.1,32,F,F,F,F,F,F,F,F,F,F,F
102421-ID,19.2276,M,YES," 73,500 ",25,master,Married,3,6413.65,62,F,F,T,F,F,T,F,F,F,T,F
102467-ID,13.7623,F,YES," 133,500 ",48,high school or below,Married,5,8041.65,72,F,F,F,F,T,T,F,T,T,F,F
102645-ID,13.4218,F,YES," 86,000 ",23,master,Married,6,3739.8,65,F,F,F,F,T,T,F,F,F,F,F
102703-ID,40.0432,M,YES," 150,000 ",32,college,Divorced,6,151.65,2,T,T,T,F,F,T,F,F,F,F,F
102733-ID,28.5154,F,NO," 86,000 ",24,doctor,Married,6,1519,58,T,F,F,F,F,F,F,F,F,T,T
102887-ID,33.3158,M,NO," 101,500 ",46,high school or below,Married,0,7966.9,72,T,F,F,F,F,F,T,F,F,F,F
102934-ID,37.7352,F,NO," 147,000 ",45,college,Married,4,1105.4,11,T,F,F,F,F,F,F,F,T,F,T
103087-ID,38.578,M,YES," 77,500 ",35,bachelor,Single,5,6017.65,58,F,T,F,F,T,F,T,T,T,F,F
103139-ID,18.7964,F,YES," 122,000 ",20,bachelor,Married,2,4422.95,46,F,T,F,F,T,F,F,F,T,F,F
103147-ID,43.8622,M,YES," 90,500 ",28,bachelor,Divorced,2,428.7,10,F,F,F,F,T,F,F,F,F,F,F
103166-ID,25.5922,F,NO," 129,500 ",33,bachelor,Married,0,1566.9,72,F,T,F,T,F,F,F,F,T,F,F
103168-ID,12.2678,F,YES," 79,500 ",22,bachelor,Married,2,220.45,5,T,F,T,F,T,F,F,T,T,F,T
103316-ID,29.3125,M,YES," 89,500 ",46,bachelor,Married,2,75.05,1,F,T,F,F,F,F,F,F,F,F,T
103325-ID,46.2279,F,NO," 85,500 ",49,high school or below,Married,6,3105.55,33,F,F,F,F,F,F,T,F,F,F,F
103385-ID,22.8296,M,NO," 62,500 ",16,college,Married,2,6383.35,62,T,T,F,F,T,F,T,T,F,T,F
103446-ID,25.3568,M,YES," 85,500 ",23,college,Married,6,5589.3,68,F,F,F,T,F,T,F,F,F,F,F
103462-ID,40.3384,F,YES," 122,500 ",26,bachelor,Married,1,3058.65,38,T,F,F,F,F,F,F,T,T,F,T
103473-ID,25.0338,F,YES," 60,500 ",26,high school or below,Divorced,6,660.9,7,F,F,F,F,F,T,T,F,F,F,F
103485-ID,23.6343,M,YES," 126,000 ",20,bachelor,Married,0,5624.85,52,F,F,F,F,F,F,F,T,F,F,F
103546-ID,45.5893,M,NO," 142,500 ",44,college,Married,1,973.35,49,F,F,F,F,F,F,F,F,F,F,F
103596-ID,27.4252,F,NO," 61,500 ",26,bachelor,Married,6,537.35,27,F,F,T,F,F,T,F,F,F,F,F
103708-ID,26.061,F,YES," 140,000 ",29,college,Married,2,112.75,6,F,F,F,F,F,F,F,F,T,T,F
103749-ID,34.7506,F,YES," 105,000 ",21,college,Divorced,0,334.8,5,F,F,F,T,F,F,F,F,F,T,F
104011-ID,19.5891,F,NO," 95,500 ",42,master,Divorced,3,2356.75,51,F,F,T,F,F,F,F,F,T,F,F
104111-ID,27.4529,F,YES," 61,500 ",20,bachelor,Married,6,678.8,34,F,F,F,T,F,F,F,F,F,T,T
104165-ID,32.2963,M,NO," 127,000 ",43,bachelor,Single,0,5791.1,50,F,F,F,F,F,F,F,F,T,F,F
104327-ID,26.223,F,NO," 140,000 ",45,bachelor,Single,1,350.35,7,F,F,F,F,T,F,F,F,T,F,F
104554-ID,19.0629,M,NO," 54,500 ",21,college,Single,7,973.1,47,T,F,F,F,T,F,T,T,F,T,F
104630-ID,49.6887,F,YES," 119,000 ",19,bachelor,Single,1,945.7,47,T,F,F,F,F,F,F,F,T,F,T
104722-ID,33.6677,M,YES," 83,500 ",38,college,Single,0,1551.6,61,F,F,F,F,T,F,T,T,F,F,F
104800-ID,13.2577,M,NO," 134,000 ",29,college,Divorced,0,6519.75,59,F,F,F,F,F,F,F,T,F,F,F
104830-ID,21.4266,F,NO," 67,000 ",28,bachelor,Married,0,2404.15,32,F,T,F,F,F,F,F,F,F,T,F
104903-ID,34.4437,F,NO," 141,000 ",30,bachelor,Married,1,3605.6,38,T,F,F,F,F,F,F,F,T,F,T
104971-ID,35.7501,F,YES," 124,500 ",24,master,Single,2,396.1,4,F,F,T,F,F,F,F,F,T,F,T
104988-ID,24.3263,M,NO," 124,000 ",39,college,Married,5,356.65,4,F,F,F,F,F,T,F,F,F,F,F
105007-ID,44.6825,F,NO," 141,500 ",45,college,Married,1,1107.2,52,F,F,F,T,F,F,F,F,T,F,T
105095-ID,48.0785,F,YES," 90,000 ",50,high school or below,Married,2,1336.1,53,F,T,T,F,F,F,F,F,F,F,F
105188-ID,44.3619,M,YES," 132,000 ",39,bachelor,Married,2,1124.2,61,F,F,T,F,F,F,F,F,F,F,F
105225-ID,28.5341,M,NO," 108,000 ",35,college,Married,0,994.8,15,T,F,F,T,F,F,F,F,F,F,T
105412-ID,18.3099,M,NO," 92,500 ",29,bachelor,Married,2,855.3,10,F,F,F,F,F,F,F,T,F,F,F
105429-ID,15.294,M,NO," 116,500 ",43,bachelor,Single,2,3694.7,33,T,T,F,F,F,F,T,F,F,F,F
105601-ID,40.7653,M,YES," 80,500 ",42,college,Married,0,19.9,1,F,F,F,F,T,T,T,T,F,F,F
105816-ID,22.6473,F,NO," 69,500 ",37,college,Married,0,1625.65,17,T,F,F,T,T,F,F,F,F,F,F
105829-ID,27.0835,F,YES," 54,500 ",23,college,Married,0,2210.2,24,F,T,F,F,F,F,T,F,F,F,F
106004-ID,31.9126,M,YES," 131,000 ",27,master,Married,0,55.2,1,F,F,T,F,F,F,F,F,T,F,F
106044-ID,36.1337,M,NO," 72,500 ",29,bachelor,Married,0,2104.55,22,T,F,F,F,T,F,T,T,T,T,F
106122-ID,32.3362,M,YES," 118,500 ",22,bachelor,Married,1,8126.65,72,F,F,F,T,F,F,F,F,T,F,F
106288-ID,10.0926,F,YES," 61,500 ",23,master,Married,6,555.4,22,F,F,F,F,T,F,F,F,F,F,T
106290-ID,33.0487,M,YES," 85,000 ",35,high school or below,Single,6,3941.7,45,F,F,F,T,F,F,F,F,F,F,F
106314-ID,24.1036,F,NO," 54,000 ",37,high school or below,Married,0,713,7,F,F,F,F,T,T,F,F,F,F,F
106489-ID,14.0777,F,YES," 80,500 ",41,college,Divorced,2,454.15,5,F,F,F,F,F,F,F,F,F,F,F
106494-ID,46.5812,F,YES," 93,500 ",44,high school or below,Married,6,4547.25,49,T,F,F,F,F,F,F,T,T,F,F
106499-ID,26.9588,M,YES," 53,500 ",31,high school or below,Single,6,614.45,32,F,F,F,F,T,F,T,T,F,F,F
106522-ID,10.007,M,YES," 72,500 ",22,high school or below,Single,0,5822.3,64,F,F,F,F,T,F,T,T,F,F,F
106531-ID,11.6576,M,NO," 122,500 ",19,college,Married,2,44.8,1,T,F,F,F,F,F,T,F,F,T,F
106585-ID,23.6473,M,NO," 105,000 ",50,college,Divorced,0,6300.15,61,F,F,F,F,T,T,F,T,F,F,F
106649-ID,25.8123,F,NO," 68,500 ",22,high school or below,Married,7,688.65,10,T,F,F,F,F,F,F,T,F,T,F
106654-ID,47.9564,M,YES," 95,000 ",44,bachelor,Married,6,1357.1,66,F,F,T,F,F,F,T,F,F,F,F
106792-ID,37.477,M,NO," 94,000 ",45,bachelor,Married,0,406.95,20,F,F,F,F,F,F,F,F,F,F,F
107080-ID,29.4064,F,NO," 125,500 ",43,college,Married,2,25.4,1,F,F,F,F,T,F,F,F,F,F,F
107314-ID,42.9349,M,NO," 79,500 ",26,bachelor,Divorced,0,3983.6,72,F,F,F,F,T,F,T,T,T,F,F
107499-ID,12.3961,F,YES," 124,000 ",28,college,Single,0,2054.4,29,F,F,T,F,F,F,F,F,T,F,F
107505-ID,21.3633,F,YES," 125,000 ",32,college,Married,3,1712.7,24,F,F,F,F,F,F,F,F,F,F,T
107714-ID,22.1969,F,YES," 101,000 ",21,bachelor,Single,5,514.75,23,T,T,T,T,F,T,F,F,F,F,F
107728-ID,16.9603,F,NO," 134,000 ",49,bachelor,Divorced,4,587.4,24,F,T,F,F,F,F,T,T,T,F,F
107876-ID,21.8933,M,NO," 88,000 ",44,college,Divorced,3,2344.5,31,F,F,F,F,F,F,F,T,T,T,F
108003-ID,12.5105,F,NO," 147,000 ",34,bachelor,Single,0,418.25,17,F,F,F,F,T,F,F,F,T,T,F
108153-ID,20.5804,F,NO," 117,500 ",32,bachelor,Single,1,1410.25,17,F,F,T,F,F,F,F,F,F,F,T
108596-ID,39.33,M,NO," 138,000 ",44,bachelor,Married,4,564.35,8,F,F,F,F,F,T,F,T,F,F,F
108601-ID,14.1216,M,NO," 85,500 ",49,bachelor,Married,6,4245.55,46,F,F,F,F,F,F,F,F,T,T,F
108718-ID,15.6206,M,YES," 108,000 ",18,high school or below,Married,0,8003.8,72,F,F,F,F,F,F,F,T,F,T,F
108739-ID,10.9737,M,NO," 104,000 ",29,bachelor,Single,0,1929.35,27,T,F,T,F,F,F,F,F,T,F,T
108764-ID,44.6294,M,YES," 51,000 ",27,high school or below,Single,6,6038.55,67,F,F,F,F,T,F,T,T,T,T,F
108832-ID,27.8603,F,NO," 76,000 ",37,college,Married,2,963.95,38,F,F,F,F,F,F,F,F,F,T,F
108855-ID,32.8419,F,YES," 114,000 ",30,bachelor,Married,2,1024.7,40,F,F,T,F,F,T,F,F,T,T,T
109000-ID,14.9647,F,YES," 89,000 ",22,bachelor,Married,2,3775.85,45,F,F,T,F,T,T,F,F,T,F,F
109048-ID,42.5797,M,NO," 123,500 ",49,college,Married,7,415.55,5,T,F,F,F,T,F,F,T,T,T,F
109061-ID,37.3485,F,NO," 139,000 ",50,high school or below,Divorced,4,6425.65,72,F,T,F,F,F,F,F,F,T,F,T
109132-ID,30.2881,F,YES," 75,500 ",38,bachelor,Married,2,44.4,1,F,T,T,F,F,F,F,F,F,F,F
109224-ID,20.0952,M,NO," 137,500 ",18,bachelor,Married,4,113.5,6,T,F,F,F,F,F,F,T,F,T,F
109376-ID,43.1101,M,YES," 82,000 ",21,bachelor,Single,0,57.2,3,F,F,F,F,F,F,F,F,T,F,F
109425-ID,23.2353,F,YES," 101,500 ",20,college,Married,2,311.6,15,F,F,F,F,F,T,F,F,T,F,F
109504-ID,32.8441,M,YES," 137,000 ",21,master,Married,4,1592.35,20,F,T,F,T,F,F,F,F,F,F,T
109530-ID,37.4844,M,NO," 105,500 ",30,high school or below,Married,2,4326.8,52,F,T,F,F,F,F,F,T,F,F,F
109551-ID,40.6114,M,YES," 117,500 ",35,college,Divorced,1,50.65,1,F,F,F,F,F,F,F,T,T,F,F
109583-ID,41.0085,M,NO," 146,000 ",34,doctor,Married,2,1752.65,25,F,F,F,F,F,F,F,F,F,F,F
109672-ID,16.5297,M,YES," 78,000 ",20,bachelor,Married,2,5468.45,72,F,F,F,F,T,F,T,T,T,F,F
109798-ID,15.133,M,YES," 86,500 ",33,high school or below,Married,7,33.6,2,F,F,F,F,F,F,T,F,F,F,F
109884-ID,35.8216,F,NO," 75,500 ",18,bachelor,Married,2,292.8,4,T,F,T,F,F,T,T,F,F,T,T